Amazon_PO,earliest_ship_date,latest_ship_date,expected_ship_date,Order_Date,fulfillment_center,vendor_code,ASIN,Title,Cost,units_confirmed,unit_of_measure_code,per,PFProductCode
1MHKL13I,7/18/17,7/31/17,7/31/17,7/28/17,E18732,EVF9M,B000092YOX,Pr,paration H Hemorrhoid Symptom Treatment Suppositories, Burning, Itching and Discomfort Relief (48 Count),23.41,6,EA,EA,HDS3540168
1MHKL13I,7/18/17,7/31/17,7/31/17,7/28/17,E18732,EVF9M,B00014EGA0,Lip Cl,ar Lysine+ Cold Sore Treatment 0.25 oz,6.4,12,EA,EA,QUA001674
1MHKL13I,7/18/17,7/31/17,7/31/17,7/28/17,E18732,EVF9M,B0002XJZM4,Playt,x HandSaver Gloves: XL,4.48,12,EA,EA,HDS4221990
1MHKL13I,7/18/17,7/31/17,7/31/17,7/28/17,E18732,EVF9M,B0005YX9PE,Spl,nda Sugar Substitute Packets 7 oz,7.65,12,EA,EA,DOT200032
1MHKL13I,7/18/17,7/31/17,7/31/17,7/28/17,E18732,EVF9M,B0006GE5FY,Advil Tabs 100s Advil Pain R,lief Tablets (100 Count),3.95,12,EA,EA,HDS2188076
1MHKL13I,7/18/17,7/31/17,7/31/17,7/28/17,E18732,EVF9M,B000FQ5NNI,Th, Doctor's BrushPicks Toothpicks 15 Pack Keychain Dispenser(Colors May Vary),1.92,12,EA,EA,MED420000
1MHKL13I,7/18/17,7/31/17,7/31/17,7/28/17,E18732,EVF9M,B000GCLTVG,Duofilm Liquid Salicylic Acid Wart R,mover - 1/3 Oz,6.75,39,EA,EA,SCH025220
1MHKL13I,7/18/17,7/31/17,7/31/17,7/28/17,E18732,EVF9M,B000GG0FP8,Hyland's Hom,opathic Migraine Headache Relief - 60 Tablets,6.2,9,EA,EA,HDS2266062
1MHKL13I,7/18/17,7/31/17,7/31/17,7/28/17,E18732,EVF9M,B000GG15UM,FERREX 150 CAPS ***BRE Siz,: 10X10 UD,13,12,EA,EA,FER020311
1MHKL13I,7/18/17,7/31/17,7/31/17,7/28/17,E18732,EVF9M,B000GG1S5O,Spl,nda No Calorie Sweetener 200 Packets,7.85,12,EA,EA,DOT200032
1MHKL13I,7/18/17,7/31/17,7/31/17,7/28/17,E18732,EVF9M,B000GG7X7G,Quantum Lysin, Plus Lip Clear Coldstick for Cold Sore Treatment, 5 Gram,5.5,12,EA,EA,RDC10220770
1MHKL13I,7/18/17,7/31/17,7/31/17,7/28/17,E18732,EVF9M,B000NOMSBW,Fr,estyle Glucose Control Solution Vial, 2 Count,8.06,7,EA,EA,THE014002
1MHKL13I,7/18/17,7/31/17,7/31/17,7/28/17,E18732,EVF9M,B000Q8ISXM,OCuSOFT Lid Scrub Foam Plus, 1.68 fl oz (50ml),16.75,24,EA,EA,HDS2088177
1MHKL13I,7/18/17,7/31/17,7/31/17,7/28/17,E18732,EVF9M,B000UUGZJU,Mission Pharmacal Th,ra-Gesic Penetrating Pain Relief Cream, 3 Ounce,4.35,36,EA,EA,MIS032003
1MHKL13I,7/18/17,7/31/17,7/31/17,7/28/17,E18732,EVF9M,B00126LXNO,Gold Bond Cornstarch Plus Baby Powd,r 4 oz,4.73,24,EA,EA,CHA002304
1MHKL13I,7/18/17,7/31/17,7/31/17,7/28/17,E18732,EVF9M,B0013T825C,Dr. Scholl's Mol,skin Roll,4.4,32,EA,EA,SCH33880
1MHKL13I,7/18/17,7/31/17,7/31/17,7/28/17,E18732,EVF9M,B001BJ6OCM,Blink T,ars Sterile Single Use Vials, 25 Count, 0.01 Fluid Ounce Each,10,70,EA,EA,AMO00325
1MHKL13I,7/18/17,7/31/17,7/31/17,7/28/17,E18732,EVF9M,B001QJ2ZQG,On, Touch Ultra Mini Systm Kit 1 Pink,17.75,12,EA,EA,HDS2103158
1MHKL13I,7/18/17,7/31/17,7/31/17,7/28/17,E18732,EVF9M,B001THDDFC,Ezy Dos, Weekly AM/PM Travel Pill Planner (Small),3.85,60,EA,EA,APO670546
1MHKL13I,7/18/17,7/31/17,7/31/17,7/28/17,E18732,EVF9M,B001V9UQOE,MURO 128 5 P,rcent 0.0 TWIN PACK 2X1/8 OZ,31.5,12,EA,EA,BAU038556
1MHKL13I,7/18/17,7/31/17,7/31/17,7/28/17,E18732,EVF9M,B003BM2B8S,Butl,r G-U-M Go-Betweens Moderate Proxabrush Refills, 8 Count,2.95,6,EA,EA,BUT006612
1MHKL13I,7/18/17,7/31/17,7/31/17,7/28/17,E18732,EVF9M,B003H3OQTS,Imodium Advanc,d Multi-Symptom Relief Caplets 18 ea,9,108,EA,EA,HDS2171130
1MHKL13I,7/18/17,7/31/17,7/31/17,7/28/17,E18732,EVF9M,B003YFPB5W,SYSTANE BALANCE, R,storative Formula, 0.33-Ounce,10.9,24,EA,EA,ALC143302
1MHKL13I,7/18/17,7/31/17,7/31/17,7/28/17,E18732,EVF9M,B004CXBLAO,H,althcare Mag-Ox 120 EA 400 Magnesium Tablets,14.23,96,EA,EA,HIT049412
1MHKL13I,7/18/17,7/31/17,7/31/17,7/28/17,E18732,EVF9M,B004FI3QBI,AQUADEKS Ch,wable Tablets Multi-Vitamins & Mineral Supplement, 60 Count,38.07,9,EA,EA,AXC001460
1MHKL13I,7/18/17,7/31/17,7/31/17,7/28/17,E18732,EVF9M,B004FNKHO2,Cortizon,-10 Intensive Healing Lotion Eczema 3.50 oz,7.95,48,EA,EA,CHA03310
1MHKL13I,7/18/17,7/31/17,7/31/17,7/28/17,E18732,EVF9M,B005P0GD5G,UNITED RESEARCH LABS. F,rrous Sulfate Iron Supplement Tablets, 100 Count,2.65,24,EA,EA,IVA402801
1MHKL13I,7/18/17,7/31/17,7/31/17,7/28/17,E18732,EVF9M,B00822AM9M,Car,x Health Brands Self Standing Cane Tip,6.2,12,EA,EA,HDS2543247
1MHKL13I,7/18/17,7/31/17,7/31/17,7/28/17,E18732,EVF9M,B0089QD9WI,Badg,r Certified Natural Broad Spectrum Sunscreen SPF 30, Unscented, 2.9 Fluid Ounce,12.18,2,EA,EA,RDC10667830
1MHKL13I,7/18/17,7/31/17,7/31/17,7/28/17,E18732,EVF9M,B008RN5T94,P,rrigo Acetaminophen Rectal Suppositories, 650mg, 12 CT,5.75,12,EA,EA,HDS1149897
1MHKL13I,7/18/17,7/31/17,7/31/17,7/28/17,E18732,EVF9M,B009LRVC0K,Oraquick HIV T,st in Home,34,140,EA,EA,ORA10340
1MHKL13I,7/18/17,7/31/17,7/31/17,7/28/17,E18732,EVF9M,B00ANL4WKK,BC Aspirin Fast Pain R,lief Powder - Quickly Relieves Pain Due to Headaches, Body Aches, and Fever - Contains Caffeine - 50 Powders,6.39,36,EA,EA,HDS1101120
1MHKL13I,7/18/17,7/31/17,7/31/17,7/28/17,E18732,EVF9M,B00B6QWZPU,TRUEplus St,rile Lancets 28 gauge (100-ct) by Nipro (100 Lancets (100 Per Box)),2.25,20,EA,EA,HOM00022
1MHKL13I,7/18/17,7/31/17,7/31/17,7/28/17,E18732,EVF9M,B00BH4AJ36,Trojan Condom Magnum Ecstasy Ultrasmooth Lubricat,d 10Pc - 2 Packs,15.98,6,EA,EA,HDS2555530
1MHKL13I,7/18/17,7/31/17,7/31/17,7/28/17,E18732,EVF9M,B00CRF0Z1K,FUTURO D,luxe Thumb Stabilizer 45844EN, Large/X-Large,13.3,12,EA,EA,3MT200722
1MHKL13I,7/18/17,7/31/17,7/31/17,7/28/17,E18732,EVF9M,B00IU0PHK0,SUR-FIT Natura Drainabl, Pouch, 12" Opaque, w/2-sided comfort panel, 1 3/4" (45mm.),26.5,12,EA,EA,REL103232
1MHKL13I,7/18/17,7/31/17,7/31/17,7/28/17,E18732,EVF9M,B00K7RQ1KE,Caltrat, Minis + Minerals Size 150ct Caltrate Minis + Minerals 150ct,13.7,24,EA,EA,HDS5469523
1MHKL13I,7/18/17,7/31/17,7/31/17,7/28/17,E18732,EVF9M,B00KCEKKPO,K-Y J,lly Personal Water Based Lubricant - 4 oz,4.35,61,EA,EA,JJ008912
1MHKL13I,7/18/17,7/31/17,7/31/17,7/28/17,E18732,EVF9M,B00O08UXMS,Exc,drin PM Headache Caplets-24 ct,4.5,12,EA,EA,NOV05624
1MHKL13I,7/18/17,7/31/17,7/31/17,7/28/17,E18732,EVF9M,B00XJKL33G,Hair Off Hair R,mover Mitten 3-N-1,5.8,12,EA,EA,HDS1596089
1MHKL13I,7/18/17,7/31/17,7/31/17,7/28/17,E18732,EVF9M,B0108BCZIU,ConvaT,c 37444 Allkare Protective Barrier Wipes By Convatec  (Pack of 100),18.66,24,EA,EA,RDC10036242
1MHKL13I,7/18/17,7/31/17,7/31/17,7/28/17,E18732,EVF9M,B015QMLYY2,Advil Sinus Cong,stion & Pain Reliever Coated Tablets, 20 Count,8.75,24,EA,EA,HDS5485875
1MHKL13I,7/18/17,7/31/17,7/31/17,7/28/17,E18732,EVF9M,B01INL7XXO,R,vitaLens Multipurpose Solution and Lens Case,5.91,12,EA,EA,AMO000099
1MHKL13I,7/18/17,7/31/17,7/31/17,7/28/17,E18732,EVF9M,B01J1221VS,Av,eno Baby Soothing Bath Treatment Packets Eczema Therapy, 5 Count,5.93,144,EA,EA,JJ003662
1T4M9SBK,7/18/17,7/31/17,7/31/17,7/28/17,E18744,EVF9M,B000092YOX,Pr,paration H Hemorrhoid Symptom Treatment Suppositories, Burning, Itching and Discomfort Relief (48 Count),23.41,9,EA,EA,HDS3540168
1T4M9SBK,7/18/17,7/31/17,7/31/17,7/28/17,E18744,EVF9M,B00027441C,Compl,te Blink-N-Clean Lens Drops, 0.5 Fluid Ounce,7.57,240,EA,EA,AMO00012
1T4M9SBK,7/18/17,7/31/17,7/31/17,7/28/17,E18744,EVF9M,B0002XJZM4,Playt,x HandSaver Gloves: XL,4.48,12,EA,EA,HDS4221990
1T4M9SBK,7/18/17,7/31/17,7/31/17,7/28/17,E18744,EVF9M,B0006GBENK,B,irsdorf Coverlet Knuckle Bandage 1 1/2" X 3" , 100 Count,8.31,12,EA,EA,BEI01390
1T4M9SBK,7/18/17,7/31/17,7/31/17,7/28/17,E18747,EVF9M,B0006JM378,Pr,vue Pet Products Snuggle Hut Medium Assorted Colors 10in,6.49,24,EA,EA,BCI1011645
1T4M9SBK,7/18/17,7/31/17,7/31/17,7/28/17,E18744,EVF9M,B0007U07UG,Guardian Al,rt 911 Phone,114.65,7,EA,EA,LOG00101
1T4M9SBK,7/18/17,7/31/17,7/31/17,7/28/17,E18747,EVF9M,B0007XNOAS,Pyram,x S2510S Ztek Safety Glasses, Standard Size, Clear Lens and Frame (Pack of 12),17.1,180,EA,EA,PYRS2510S
1T4M9SBK,7/18/17,7/31/17,7/31/17,7/28/17,E18747,EVF9M,B0008F4HPQ,DuPont TY122S Disposabl, Elastic Wrist, Bootie & Hood White Tyvek Coverall Suit 1414, Large,5,1450,EA,EA,AIRDPPTY122SWHLG00
1T4M9SBK,7/18/17,7/31/17,7/31/17,7/28/17,E18747,EVF9M,B0008G1ZRS,Physician Suppli,s Ear Syringe Metal,8.75,36,EA,EA,GRA2809
1T4M9SBK,7/18/17,7/31/17,7/31/17,7/28/17,E18744,EVF9M,B00099XJXC,Gold Bond M,dicated Body Powder, Extra Strength, 4 oz (113 g),4.25,716,EA,EA,CHA040409
1T4M9SBK,7/18/17,7/31/17,7/31/17,7/28/17,E18744,EVF9M,B000GCHKKK,Calmos,ptine Ointment - 2.5 Oz Jar Each,4.6,15,EA,EA,CAL000025
1T4M9SBK,7/18/17,7/31/17,7/31/17,7/28/17,E18744,EVF9M,B000GCI9NM,Alcon Bion T,ars Single-Use Vials, 28 Count,14.01,55,EA,EA,ALC041928
1T4M9SBK,7/18/17,7/31/17,7/31/17,7/28/17,E18744,EVF9M,B000GCNBNA,Woodward's Mycocid, NS Antifungal Care Kit, 1 Ounce,13.5,24,EA,EA,WOO025001
1T4M9SBK,7/18/17,7/31/17,7/31/17,7/28/17,E18744,EVF9M,B000GG16QA,Brylcr,em Hair Cream, 5.5 Ounce,6.2,240,EA,EA,COM31160
1T4M9SBK,7/18/17,7/31/17,7/31/17,7/28/17,E18744,EVF9M,B000GPUI88,Huggi,s Little Swimmers Disposable Swimpants, Medium, Pack/11 Disney Character may be different,9.35,104,EA,EA,KIM018342
1T4M9SBK,7/18/17,7/31/17,7/31/17,7/28/17,E18747,EVF9M,B000HHLPSW,All Purpos, Boot Cleaner & Conditioner, 8 oz,3.1,7,EA,EA,BCI446785
1T4M9SBK,7/18/17,7/31/17,7/31/17,7/28/17,E18747,EVF9M,B000KNP55C,Alumicolor Pock,t Architect Scale, 6", Black,4.1,19,EA,EA,AVI3010-9
1T4M9SBK,7/18/17,7/31/17,7/31/17,7/28/17,E18744,EVF9M,B000N5S0RC,Fruit Of Th, Earth Crystal Clear Aloe Vera Gel 20 Ounce,4.85,26,EA,EA,HDS2203321
1T4M9SBK,7/18/17,7/31/17,7/31/17,7/28/17,E18747,EVF9M,B000NHTIJY,Royal and Langnick,l Rainbow Engraving Art, Peacock,3.73,11,EA,EA,AVIRAIN14
1T4M9SBK,7/18/17,7/31/17,7/31/17,7/28/17,E18744,EVF9M,B000NSUJZA,Show,r To Shower Absorbent Body Powder, Morning Fresh, 8 Ounce,3.4,12,EA,EA,VAL000738
1T4M9SBK,7/18/17,7/31/17,7/31/17,7/28/17,E18744,EVF9M,B000P1S0NI,Euc,rin Redness Relief Soothing Cleanser/Gel, 6.8-Ounce,7.5,204,EA,EA,RDC10162774
1T4M9SBK,7/18/17,7/31/17,7/31/17,7/28/17,E18744,EVF9M,B000Q65XVY,H,ad & Shoulders Classic Clean Dandruff Shampoo 13.5 Oz,6.8,60,EA,EA,RDC10124964
1T4M9SBK,7/18/17,7/31/17,7/31/17,7/28/17,E18744,EVF9M,B000SOLBU6,Th, Wright Stuff No Rinse Shampoo Gallon Bottle, 128 Fluid Ounce,20.13,68,EA,EA,HDS1503127
1T4M9SBK,7/18/17,7/31/17,7/31/17,7/28/17,E18744,EVF9M,B000VD3BX4,Insulin Prot,ctor Case Insulin Cooler - Blue,24.75,8,EA,EA,HDS2115418
1T4M9SBK,7/18/17,7/31/17,7/31/17,7/28/17,E18747,EVF9M,B000XZXPFO,Fr,drix Stretched Canvas, 8 by 10",3.68,6,EA,EA,AVIT5012
1T4M9SBK,7/18/17,7/31/17,7/31/17,7/28/17,E18747,EVF9M,B000YQEBPA,Fr,drix 3500 Canvas Pads, 9 by 12-Inch,4.95,12,EA,EA,AVIT3500
1T4M9SBK,7/18/17,7/31/17,7/31/17,7/28/17,E18747,EVF9M,B0010QD3WU,Booda Soft Bit, Hedgehog Plush Dog Toy (Medium / Large),4.4,1,EA,EA,BCI114116
1T4M9SBK,7/18/17,7/31/17,7/31/17,7/28/17,E18744,EVF9M,B0011DQMNY,Compound W Wart R,mover One Step Pads for Plantar Warts-20ct,8.1,17,EA,EA,MED059550
1T4M9SBK,7/18/17,7/31/17,7/31/17,7/28/17,E18744,EVF9M,B0013IXNMA,Alkalol Company Mucus Solv,nt and Cleaner, 16 Fluid Ounce,6.35,10,EA,EA,ALK018960
1T4M9SBK,7/18/17,7/31/17,8/20/17,7/28/17,E18747,EVF9M,B0013Z9EBC,Pion,er Jumbo Scrapbook Storage Box, Black, 14.75 Inch x 13 Inch x 3.75 Inch,6.91,163,EA,EA,AVIPOB12BLK
1T4M9SBK,7/18/17,7/31/17,7/31/17,7/28/17,E18747,EVF9M,B0014E8QI4,Pion,er holds 12 Inch by 12 Inch 3-Ring Sewn Oxford Cover Memory Book Binder, Black,14,12,EA,EA,AVITM12BLOX
1T4M9SBK,7/18/17,7/31/17,7/31/17,7/28/17,E18744,EVF9M,B00164E8TI,Fr,e & Clear Set, includes Shampoo-12 Oz and Conditioner-12 Oz - One each.,17.2,12,EA,EA,PHA021008/020008
1T4M9SBK,7/18/17,7/31/17,7/31/17,7/28/17,E18747,EVF9M,B00187REVW,Royal and Langnick,l Engraving Art Booklet, Famous Places Of The World,6.9,21,EA,EA,AVIEAB1
1T4M9SBK,7/18/17,7/31/17,7/31/17,7/28/17,E18747,EVF9M,B0018HLGU2,Rhodia 80 Sh,et Graph Notepads, 4 by 6", Black,2.91,1,EA,EA,AVIRB13
1T4M9SBK,7/18/17,7/31/17,7/31/17,7/28/17,E18744,EVF9M,B001JN01A6,Adapt Lubricating D,odorant - 8 oz bottle,14.95,12,EA,EA,HDS1596485
1T4M9SBK,7/18/17,7/31/17,7/31/17,7/28/17,E18744,EVF9M,B001K4IJQC,Ax, Clean-Cut Look Pomade, 2.64 oz,7.85,120,EA,EA,RDC10259356
1T4M9SBK,7/18/17,7/31/17,7/31/17,7/28/17,E18744,EVF9M,B001V9V1XY,Lic,Guard RobiComb - Lice-Zapping Comb,23.3,21,EA,EA,ARR000001
1T4M9SBK,7/18/17,7/31/17,7/31/17,7/28/17,E18747,EVF9M,B0027ACDSI,Fr,drix 3209 Fredrix Canvas Panels, 9 by 12-Inch, 3-Pack,4.05,12,EA,EA,AVIT3209
1T4M9SBK,7/18/17,7/31/17,7/31/17,7/28/17,E18747,EVF9M,B0029W7RYY,Songbird Ess,ntials Seed Hoop,15,12,EA,EA,BCI008074
1T4M9SBK,7/18/17,7/31/17,7/31/17,7/28/17,E18747,EVF9M,B002BVSNLO,W,lch Allyn DS44-11CB Gauge with Durable Two Piece Cuff and Bladder, Adult,47.57,23,EA,EA,WELDS44-11CB
1T4M9SBK,7/18/17,7/31/17,7/31/17,7/28/17,E18744,EVF9M,B0036WMOY4,Surgilub, Lubricating Jelly, 2 Ounce,2.35,24,EA,EA,SAV20502
1T4M9SBK,7/18/17,7/31/17,7/31/17,7/28/17,E18747,EVF9M,B003FFITDW,Pr,stige Medical Taylor Percussion Hammer, Teal,2.4,20,EA,EA,PRE25TEAL
1T4M9SBK,7/18/17,7/31/17,7/31/17,7/28/17,E18747,EVF9M,B003OHCZ04,M,dline Generation Pink 3G Synthetic Exam Gloves, Large, 100 Count,4.5,30,EA,EA,MEDPINK6076
1T4M9SBK,7/18/17,7/31/17,7/31/17,7/28/17,E18747,EVF9M,B003VVXUU2,Tac M,d Solutions Olaes Modular Bandage, 6 Inch,7.2,20,EA,EA,TACOAL6
1T4M9SBK,7/18/17,7/31/17,7/31/17,7/28/17,E18744,EVF9M,B0046X70J6,All,gra Childrens 12 Hour Allergy Relief, Orange Cream Flavored, 12 Tablets,10.3,289,EA,EA,CHA423332
1T4M9SBK,7/18/17,7/31/17,7/31/17,7/28/17,E18744,EVF9M,B004AI7LUU,Tripl, Paste Medicated Ointment 3 Pack, 6 Oz Total,22.25,24,EA,EA,RDC30102800
1T4M9SBK,7/18/17,7/31/17,7/31/17,7/28/17,E18744,EVF9M,B004KWLXM8,Natur,'s Blend Ferrous Gluconate Tablets, 100 Count,4.95,36,EA,EA,HDS2026672
1T4M9SBK,7/18/17,7/31/17,7/31/17,7/28/17,E18747,EVF9M,B004RRPOPI,Ball R,alfruit Instant Pectin,4.7 OZ(133g),6.25,16,EA,EA,BCI389775
1T4M9SBK,7/18/17,7/31/17,7/31/17,7/28/17,E18744,EVF9M,B004VELWDK,Sundown NaturalsÂ® Fish Oil 1200 mg, 300 Softg,ls,15.68,3,EA,EA,HDS5524673
1T4M9SBK,7/18/17,7/31/17,7/31/17,7/28/17,E18744,EVF9M,B004WP0S74,Stri-d,x Pads Maximum Strength, 3 Pack of 55 Pads,9.85,16,EA,EA,BLI09701
1T4M9SBK,7/18/17,7/31/17,7/31/17,7/28/17,E18747,EVF9M,B005IBVT9M,Dynar,x #1340 Underpads, 17x24 in. Economy Tissue Fill, 100ct,7.4,24,EA,EA,DYN1340
1T4M9SBK,7/18/17,7/31/17,7/31/17,7/28/17,E18747,EVF9M,B005X0BYPW,Cuttl,bone Holder,2.5,1,EA,EA,BCI209113
1T4M9SBK,7/18/17,7/31/17,7/31/17,7/28/17,E18747,EVF9M,B007GCFV68,S,achem Laboratories ASM7621 Aquavitro Carbonate for Plants Growth, 11.8-Ounce,7,9,EA,EA,BCI075350
1T4M9SBK,7/18/17,7/31/17,7/31/17,7/28/17,E18747,EVF9M,B007R5M7V6,G,neral Cure Powder Packet,9.8,4,EA,EA,BCI3160152
1T4M9SBK,7/18/17,7/31/17,7/31/17,7/28/17,E18744,EVF9M,B008IVS4A6,Vanicr,am SPF 50 Plus Sunscreen, 3 Count,41,30,EA,EA,PHA033604
1T4M9SBK,7/18/17,7/31/17,7/31/17,7/28/17,E18744,EVF9M,B008LHOPX2,Convat,c 183910 Stomahesive Paste: Pack Of Three (3) Two Ounce Tubes!,27.5,12,EA,EA,REL010690
1T4M9SBK,7/18/17,7/31/17,7/31/17,7/28/17,E18744,EVF9M,B009135I40,Dynar,x White Petrolatum Foil Packs,9.49,12,EA,EA,DYN11402
1T4M9SBK,7/18/17,7/31/17,7/31/17,7/28/17,E18744,EVF9M,B009C650MQ,Organic Int,nsive Treatment Argan Oil of Moroccan 8 Oz,6.5,8,EA,EA,VOG916136
1T4M9SBK,7/18/17,7/31/17,7/31/17,7/28/17,E18747,EVF9M,B00A0L21Z6,Boot Cr,me Polish,2.8,1,EA,EA,BCI446904
1T4M9SBK,7/18/17,7/31/17,7/31/17,7/28/17,E18744,EVF9M,B00B7K0Z8E,Williams Mug Shaving Soap, 12 Count,15.41,48,EA,EA,COM023033
1T4M9SBK,7/18/17,7/31/17,7/31/17,7/28/17,E18744,EVF9M,B00CB1L4O2,Z,llies 851278001035  Spearmint Gum  (Pack of 100),8.5,36,EA,EA,RDC10545572
1T4M9SBK,7/18/17,7/31/17,7/31/17,7/28/17,E18744,EVF9M,B00CRNW06A,Pr,paration H Medicated Wipes 48 Ea,5.5,48,EA,EA,WYE055620
1T4M9SBK,7/18/17,7/31/17,7/31/17,7/28/17,E18744,EVF9M,B00DTI7CIS,Av,na Instituto Espanol Brightening Skin Repair Formula Moisturizing Lotion, 17 Ounce,5.22,72,EA,EA,HDS4823548
1T4M9SBK,7/18/17,7/31/17,7/31/17,7/28/17,E18744,EVF9M,B00E4MRRXI,Slow-Mag Slow-Mag Magn,sium Chloride With Calcium, 60 tabs (Pack of 3),32.95,12,EA,EA,PUR010760
1T4M9SBK,7/18/17,7/31/17,7/31/17,7/28/17,E18744,EVF9M,B00FBP3BIM,Thick-It 2 Instant Food B,verage, Concentrated, 36 Ounce,20.98,94,EA,EA,HDS3516374
1T4M9SBK,7/18/17,7/31/17,7/31/17,7/28/17,E18744,EVF9M,B00GCZ9X5K,St. Iv,s Fresh Skin Invigorating Apricot Scrub 10 Oz (2 Pack),10.3,12,EA,EA,DOT104729
1T4M9SBK,7/18/17,7/31/17,7/31/17,7/28/17,E18744,EVF9M,B00HYZM6HY,Tru, Balance Glucose Meter Starter Kit,13.15,13,EA,EA,HOM00313
1T4M9SBK,7/18/17,7/31/17,7/31/17,7/28/17,E18747,EVF9M,B00IQ8JFPO,Chick,n WARE Peck N Play Ball,3.2,24,EA,EA,BCI089300
1T4M9SBK,7/18/17,7/31/17,7/31/17,7/28/17,E18744,EVF9M,B00IU0PHK0,SUR-FIT Natura Drainabl, Pouch, 12" Opaque, w/2-sided comfort panel, 1 3/4" (45mm.),26.5,12,EA,EA,REL103232
1T4M9SBK,7/18/17,7/31/17,7/31/17,7/28/17,E18747,EVF9M,B00MENRHHK,PET FACTORY 28054 Am,rican Beef-Hide Premium Twist Sticks, 5-Inch, 25-Pack,5.14,12,EA,EA,BCI547727
1T4M9SBK,7/18/17,7/31/17,7/31/17,7/28/17,E18744,EVF9M,B00MFHDOXQ,K-Y KY J,lly Personal Lubricant Water Based Gel Size 4 Oz / 113g.,4.3,34,EA,EA,JJ008912
1T4M9SBK,7/18/17,7/31/17,7/31/17,7/28/17,E18747,EVF9M,B00N4BMZZA,Crosst,x NDB601 In-Office Dry Block Incubator, Grey,204.4,1,EA,EA,CRONDB601
1T4M9SBK,7/18/17,7/31/17,7/31/17,7/28/17,E18747,EVF9M,B013FAMSOW,Aqu,on Mini Bow Filter Cartridge 2.5 & 5.0,9.2,2,EA,EA,BCI276558
1T4M9SBK,7/18/17,7/31/17,7/31/17,7/28/17,E18747,EVF9M,B014SMIESU,W,lch Allyn 71670 Rechargeable NiCad Handle for Desk/Well Chargers,116.71,3,EA,EA,WEL71670
1T4M9SBK,7/18/17,7/31/17,7/31/17,7/28/17,E18747,EVF9M,B014SN3NVC,W,lch Allyn DS44-11C Gauge with Durable One Piece Cuff and Case, Adult,50.75,12,EA,EA,WELDS44-11C
1T4M9SBK,7/18/17,7/31/17,7/31/17,7/28/17,E18747,EVF9M,B014SN8AQA,W,lch Allyn 5098-27 Gauge and FlexiPort One Piece Cuff and Nylon Zipper Case, Adult,148.54,10,EA,EA,WEL509827
1T4M9SBK,7/18/17,7/31/17,7/31/17,7/28/17,E18744,EVF9M,B015OC9L7Q,EOS D,licate Petals Body Lotion, 11.8 Ounce,6.23,44,EA,EA,HDS5496914
1T4M9SBK,7/18/17,7/31/17,7/31/17,7/28/17,E18744,EVF9M,B019CDVUI6,Lysol All-Purpos, Cleaner Trigger, Lemon Breeze Scent, 32 Fluid Ounce, 2 Count,6.6,157,EA,EA,REC75352
1T4M9SBK,7/18/17,7/31/17,7/31/17,7/28/17,E18747,EVF9M,B01B16ITHM,Swat-T Tourniqu,t 2 Pack,17.75,12,EA,EA,SWATT
1T4M9SBK,7/18/17,7/31/17,7/31/17,7/28/17,E18744,EVF9M,B01DCCE6DY,Softsoap Juicy Pom,granate & Mango Infusions Moisturizing Body Wash with Moisture Beads, 18 Ounce, (Pack of 3),13.65,55,EA,EA,DOT288235
1T4M9SBK,7/18/17,7/31/17,7/31/17,7/28/17,E18747,EVF9M,B01GK0DPHI,Dynar,x Disposable 3 oz.Plastic Drinking Cups, 100 Per Package...,2.95,400,EA,EA,DYN4235
1T4M9SBK,7/18/17,7/31/17,7/31/17,7/28/17,E18747,EVF9M,B01HRDE1AC,Aquatic Lif, Twist-In Dual Deionization Filtration Unit (DI, DI),48,1,EA,EA,BCI014209
1T4M9SBK,7/18/17,7/31/17,7/31/17,7/28/17,E18744,EVF9M,B01IF56PIC,A+D Original Ointm,nt 1 Lb Tub (473ml),12.63,12,EA,EA,SCH009604
1T4M9SBK,7/18/17,7/31/17,7/31/17,7/28/17,E18747,EVF9M,B01KNOF2V4,Finity Tooth Brush D,ntal Chew Dog Toy Green Small,5,1,EA,EA,BCI066848
1T4M9SBK,7/18/17,7/31/17,7/31/17,7/28/17,E18744,EVF9M,B01MR0QN15,Lic, Shield 2-in-1 Shampoo and Conditioner, 10 Ounce,14.3,1,EA,EA,RDC10260750
1Y7OH95A,7/18/17,7/31/17,7/31/17,7/28/17,E18751,EVF9M,B00013YYS0,Burt's B,es Lemon Butter Cuticle Cream,4.4,24,EA,EA,BUR07199
1Y7OH95A,7/18/17,7/31/17,7/31/17,7/28/17,E18751,EVF9M,B0002XJZM4,Playt,x HandSaver Gloves: XL,4.48,12,EA,EA,HDS4221990
1Y7OH95A,7/18/17,7/31/17,7/31/17,7/28/17,E18751,EVF9M,B0005YX9PE,Spl,nda Sugar Substitute Packets 7 oz,7.65,12,EA,EA,DOT200032
1Y7OH95A,7/18/17,7/31/17,7/31/17,7/28/17,E18751,EVF9M,B0006GE5FY,Advil Tabs 100s Advil Pain R,lief Tablets (100 Count),3.95,12,EA,EA,HDS2188076
1Y7OH95A,7/18/17,7/31/17,7/31/17,7/28/17,E18751,EVF9M,B000FD23FW,CERTAIN DRI Ev,ryday Strength Clinical Roll On Antiperspirant/Deodorant Morning Fresh 2.5 oz,5.75,12,EA,EA,DSE001170
1Y7OH95A,7/18/17,7/31/17,7/31/17,7/28/17,E18751,EVF9M,B000FFT8KS,C,taphil Gentle Skin Cleanser 16 Ounce,12.65,12,EA,EA,RDC16188005
1Y7OH95A,7/18/17,7/31/17,7/31/17,7/28/17,E18751,EVF9M,B000FQ5NNI,Th, Doctor's BrushPicks Toothpicks 15 Pack Keychain Dispenser(Colors May Vary),1.92,12,EA,EA,MED420000
1Y7OH95A,7/18/17,7/31/17,7/31/17,7/28/17,E18751,EVF9M,B000GCHWLC,TUMS Ultra Str,ngth 1000 Tablets Assorted Fruit 160 Chewable Tablets,8.5,36,EA,EA,GLA746102
1Y7OH95A,7/18/17,7/31/17,7/31/17,7/28/17,E18751,EVF9M,B000GCIAQS,Taro Clotrimazol, 7 Vaginal Cream 45 g,4.35,12,EA,EA,TAR200306
1Y7OH95A,7/18/17,7/31/17,7/31/17,7/28/17,E18751,EVF9M,B000GCL2CW,Zinc Oxid, Ointment for Chaffed Skin, 1 Ounce,4.2,20,EA,EA,FOU006231
1Y7OH95A,7/18/17,7/31/17,7/31/17,7/28/17,E18751,EVF9M,B000GCL2D6,Foug,ra Zinc Oxide Ointment, 2 Ounce,5.81,30,EA,EA,FOU006202
1Y7OH95A,7/18/17,7/31/17,7/31/17,7/28/17,E18751,EVF9M,B000GCL2WC,A + D Original Diap,r Rash Ointment, 4 Ounce,4.35,36,EA,EA,SCH009602
1Y7OH95A,7/18/17,7/31/17,7/31/17,7/28/17,E18751,EVF9M,B000GCLTVG,Duofilm Liquid Salicylic Acid Wart R,mover - 1/3 Oz,6.75,84,EA,EA,SCH025220
1Y7OH95A,7/18/17,7/31/17,7/31/17,7/28/17,E18751,EVF9M,B000GG0FP8,Hyland's Hom,opathic Migraine Headache Relief - 60 Tablets,6.2,52,EA,EA,HDS2266062
1Y7OH95A,7/18/17,7/31/17,7/31/17,7/28/17,E18751,EVF9M,B000GG15UM,FERREX 150 CAPS ***BRE Siz,: 10X10 UD,13,12,EA,EA,FER020311
1Y7OH95A,7/18/17,7/31/17,7/31/17,7/28/17,E18751,EVF9M,B000GG1S5O,Spl,nda No Calorie Sweetener 200 Packets,7.85,12,EA,EA,DOT200032
1Y7OH95A,7/18/17,7/31/17,7/31/17,7/28/17,E18751,EVF9M,B000GG7X7G,Quantum Lysin, Plus Lip Clear Coldstick for Cold Sore Treatment, 5 Gram,5.5,12,EA,EA,RDC10220770
1Y7OH95A,7/18/17,7/31/17,7/31/17,7/28/17,E18751,EVF9M,B000GGFZLC,REACH D,ntotape Waxed Tape, Unflavored 100 Yards,2.7,48,EA,EA,JJ009221
1Y7OH95A,7/18/17,7/31/17,7/31/17,7/28/17,E18751,EVF9M,B000GGL2JQ,Gold Bond Rapid R,lief Anti Itch Cream, 2 oz,5.95,24,EA,EA,CHA005012
1Y7OH95A,7/18/17,7/31/17,7/31/17,7/28/17,E18751,EVF9M,B000NOMSBW,Fr,estyle Glucose Control Solution Vial, 2 Count,8.06,14,EA,EA,THE014002
1Y7OH95A,7/18/17,7/31/17,7/31/17,7/28/17,E18751,EVF9M,B000P158OW,Bic Twin S,lect Silky Touch 10 ct,3.75,552,EA,EA,BIC91610
1Y7OH95A,7/18/17,7/31/17,7/31/17,7/28/17,E18751,EVF9M,B000ZC0S5A,All,rgan Refresh Plus Lubricant Eye Drops, Value Size, 70 ct.,20.5,24,EA,EA,ALL403702
1Y7OH95A,7/18/17,7/31/17,7/31/17,7/28/17,E18751,EVF9M,B0010WPOHG,B-A Wat,r Block Plus Size 30s Band-Aid Water Block Plus Transparent Adhesive Bandages,3.65,12,EA,EA,CAD005659
1Y7OH95A,7/18/17,7/31/17,7/31/17,7/28/17,E18751,EVF9M,B00126LXNO,Gold Bond Cornstarch Plus Baby Powd,r 4 oz,4.73,264,EA,EA,CHA002304
1Y7OH95A,7/18/17,7/31/17,7/31/17,7/28/17,E18751,EVF9M,B0014C2JQ6,Tyl,nol Simply Sleep Nighttime Sleep Aid Caplets-100 count,11.75,12,EA,EA,JJ084348
1Y7OH95A,7/18/17,7/31/17,7/31/17,7/28/17,E18751,EVF9M,B0017TU2HE,R,ach Access Flosser,8.95,12,EA,EA,RDC10453934
1Y7OH95A,7/18/17,7/31/17,7/31/17,7/28/17,E18751,EVF9M,B001BJ6OCM,Blink T,ars Sterile Single Use Vials, 25 Count, 0.01 Fluid Ounce Each,10,20,EA,EA,AMO00325
1Y7OH95A,7/18/17,7/31/17,7/31/17,7/28/17,E18751,EVF9M,B001BKU6DO,Magn,sium Gluconate 500 Mg 90 Tb - From Windmill,5.4,24,EA,EA,WIN000322
1Y7OH95A,7/18/17,7/31/17,7/31/17,7/28/17,E18751,EVF9M,B001E25USU,H,liocare Oral Capsules (60 capsules),21.92,12,EA,EA,FER480100
1Y7OH95A,7/18/17,7/31/17,7/31/17,7/28/17,E18751,EVF9M,B001KY9WBI,Oxy Maximum Action Spot Tr,atment, 1 Ounce,5.88,24,EA,EA,MEN02702
1Y7OH95A,7/18/17,7/31/17,7/31/17,7/28/17,E18751,EVF9M,B001PQI0YQ,SportAid Susp,nsory with Elastic Waist Band, Large,7.71,12,EA,EA,SCO924267
1Y7OH95A,7/18/17,7/31/17,7/31/17,7/28/17,E18751,EVF9M,B001QJ2ZQG,On, Touch Ultra Mini Systm Kit 1 Pink,17.75,48,EA,EA,HDS2103158
1Y7OH95A,7/18/17,7/31/17,7/31/17,7/28/17,E18751,EVF9M,B001THDDFC,Ezy Dos, Weekly AM/PM Travel Pill Planner (Small),3.85,156,EA,EA,APO670546
1Y7OH95A,7/18/17,7/31/17,7/31/17,7/28/17,E18751,EVF9M,B001V9MP52,Pin Worm M,dicine Reese'S 1 Oz Pyrantel Pamoate Suspension,6.25,48,EA,EA,HEA061801
1Y7OH95A,7/18/17,7/31/17,7/31/17,7/28/17,E18751,EVF9M,B001V9T4QU,Mu,ller Elastic Knee Stabilizer, L/XL,7.8,36,EA,EA,MUE64721
1Y7OH95A,7/18/17,7/31/17,7/31/17,7/28/17,E18751,EVF9M,B001V9UQOE,MURO 128 5 P,rcent 0.0 TWIN PACK 2X1/8 OZ,31.5,12,EA,EA,BAU038556
1Y7OH95A,7/18/17,7/31/17,7/31/17,7/28/17,E18751,EVF9M,B00270AG9Q,U/S/H/ Camphor Pomad, Size 2.5z U/S/H/ Camphor Pomade 2.5z,4.83,12,EA,EA,HDS2051894
1Y7OH95A,7/18/17,7/31/17,7/31/17,7/28/17,E18751,EVF9M,B002VWBFXQ,Floraj,n 4 Kids 30 Capsules,15.76,12,EA,EA,AME088048
1Y7OH95A,7/18/17,7/31/17,7/31/17,7/28/17,E18751,EVF9M,B003H3OQTS,Imodium Advanc,d Multi-Symptom Relief Caplets 18 ea,9,384,EA,EA,HDS2171130
1Y7OH95A,7/18/17,7/31/17,7/31/17,7/28/17,E18751,EVF9M,B003JTA65S,FLA Orthop,dics Prolite Neoprene Pull on Thumb Support, Black, Medium,12.61,10,EA,EA,FLA54498
1Y7OH95A,7/18/17,7/31/17,7/31/17,7/28/17,E18751,EVF9M,B003S5J1YU,R,plesta 50,000 IU Vitamin D3 Chewable Wafer, Natural Orange Flavor,13.35,20,EA,EA,EVE046010
1Y7OH95A,7/18/17,7/31/17,7/31/17,7/28/17,E18751,EVF9M,B003YFPB5W,SYSTANE BALANCE, R,storative Formula, 0.33-Ounce,10.9,504,EA,EA,ALC143302
1Y7OH95A,7/18/17,7/31/17,7/31/17,7/28/17,E18751,EVF9M,B00411H8WC,R,fresh Celluvisc Lubricant Eye Gel Single-use Containers 30 Ea,11.95,48,EA,EA,ALL455430
1Y7OH95A,7/18/17,7/31/17,7/31/17,7/28/17,E18751,EVF9M,B00443AN92,Kimb,rly-clark Corp 11975 Kleenex White Facial Tissue (Pack of 16),4.75,156,EA,EA,HDS2369791
1Y7OH95A,7/18/17,7/31/17,7/31/17,7/28/17,E18751,EVF9M,B004AI9234,Williams Mug Shaving Soap, 3 Count,5.09,21,EA,EA,COM023033
1Y7OH95A,7/18/17,7/31/17,7/31/17,7/28/17,E18751,EVF9M,B004CXBLAO,H,althcare Mag-Ox 120 EA 400 Magnesium Tablets,14.23,72,EA,EA,HIT049412
1Y7OH95A,7/18/17,7/31/17,7/31/17,7/28/17,E18751,EVF9M,B004FNKHO2,Cortizon,-10 Intensive Healing Lotion Eczema 3.50 oz,7.95,108,EA,EA,CHA03310
1Y7OH95A,7/18/17,7/31/17,7/31/17,7/28/17,E18751,EVF9M,B004SCT85E,Badg,r - Sunscreen All Natural Insect Repellent Cream Water Resistant Anti-Bug 34 SPF -2.9 oz.,12.1,12,EA,EA,WSB473001
1Y7OH95A,7/18/17,7/31/17,7/31/17,7/28/17,E18751,EVF9M,B005P0GD5G,UNITED RESEARCH LABS. F,rrous Sulfate Iron Supplement Tablets, 100 Count,2.65,36,EA,EA,IVA402801
1Y7OH95A,7/18/17,7/31/17,7/31/17,7/28/17,E18751,EVF9M,B005X9IUB4,Scandishak, Weight Gain Instant Shake Mix Powder, Vanilla, 3 Ounce Packet - Box of 4,8.4,28,EA,EA,AXC080044
1Y7OH95A,7/18/17,7/31/17,7/31/17,7/28/17,E18751,EVF9M,B007KKUYXG,Ivory Original 4-Count: Bath Siz, Bars (4 Oz), 16 Ounce,3.2,54,EA,EA,PRO827573
1Y7OH95A,7/18/17,7/31/17,7/31/17,7/28/17,E18751,EVF9M,B007O3D468,Trojan Naturalamb (3 Lubricat,d Natural Skin Condoms),6.85,12,EA,EA,CHU098050
1Y7OH95A,7/18/17,7/31/17,7/31/17,7/28/17,E18751,EVF9M,B00843E5NS,Ddrops Boost,r 600 IU Drops, 100 Drops,10.4,838,EA,EA,DDR00011
1Y7OH95A,7/18/17,7/31/17,7/31/17,7/28/17,E18751,EVF9M,B0089S02TO,Systan, Contact Lube Size .41z,9.4,20,EA,EA,ALC190930
1Y7OH95A,7/18/17,7/31/17,7/31/17,7/28/17,E18751,EVF9M,B009K6Z4SI,Advil Migrain, - 80 Liquid Filled Capsules,11.3,24,EA,EA,HDS3530169
1Y7OH95A,7/18/17,7/31/17,7/31/17,7/28/17,E18751,EVF9M,B00ANL4W50,BC Aspirin Fast Pain R,lief Powder - Arthritis Formula - Temporarly Relieves Minor Arthritis Pain - Contains Caffeine - 50 Powders,6.51,72,EA,EA,HDS1887363
1Y7OH95A,7/18/17,7/31/17,7/31/17,7/28/17,E18751,EVF9M,B00B6QWZPU,TRUEplus St,rile Lancets 28 gauge (100-ct) by Nipro (100 Lancets (100 Per Box)),2.25,20,EA,EA,HOM00022
1Y7OH95A,7/18/17,7/31/17,7/31/17,7/28/17,E18751,EVF9M,B00BD1BXJM,PanOxyl Acn, Foaming Wash 10% Benzoyl Peroxide 5.5 oz (156 g),7.92,156,EA,EA,GLA009835
1Y7OH95A,7/18/17,7/31/17,7/31/17,7/28/17,E18751,EVF9M,B00BH4AJ36,Trojan Condom Magnum Ecstasy Ultrasmooth Lubricat,d 10Pc - 2 Packs,15.98,24,EA,EA,HDS2555530
1Y7OH95A,7/18/17,7/31/17,7/31/17,7/28/17,E18751,EVF9M,B00C5RKBVO,Halls D,fense Antioxidants Drops, Pomegranate Berry, 17 Count,2.8,20,EA,EA,UNI63018
1Y7OH95A,7/18/17,7/31/17,7/31/17,7/28/17,E18751,EVF9M,B00CHLFWGM,GE100 T,st Strips 50ct,8.54,32,EA,EA,RDC10279859
1Y7OH95A,7/18/17,7/31/17,7/31/17,7/28/17,E18751,EVF9M,B00CQ7QN8I,Badg,r Balm SPF 35 Sport Sunscreen Cream- 2.9 oz,11.5,12,EA,EA,WSB47600
1Y7OH95A,7/18/17,7/31/17,7/31/17,7/28/17,E18751,EVF9M,B00CRF0Z1K,FUTURO D,luxe Thumb Stabilizer 45844EN, Large/X-Large,13.3,12,EA,EA,3MT200722
1Y7OH95A,7/18/17,7/31/17,7/31/17,7/28/17,E18751,EVF9M,B00DI9Z7YO,Alkalol Nasal Wash Cup To Cl,anse Nasal Passages Spray,6.31,12,EA,EA,RDC10195055
1Y7OH95A,7/18/17,7/31/17,7/31/17,7/28/17,E18751,EVF9M,B00E4MRRXI,Slow-Mag Slow-Mag Magn,sium Chloride With Calcium, 60 tabs (Pack of 3),32.95,12,EA,EA,PUR010760
1Y7OH95A,7/18/17,7/31/17,7/31/17,7/28/17,E18751,EVF9M,B00E6QJ47E,Tig,r Balm Neck and Shoulder Rub,net wt 1.76 oz,6.18,24,EA,EA,PRI042101
1Y7OH95A,7/18/17,7/31/17,7/31/17,7/28/17,E18751,EVF9M,B00FPTF5ZG,Accu Ch,k Smartview Normal Control Solution, 2.5 ml,5.8,6,EA,EA,ROC048810
1Y7OH95A,7/18/17,7/31/17,7/31/17,7/28/17,E18751,EVF9M,B00H3T4PQ6,Natur,'s Way Alive! Men's Gummy Vitamins - 60 CT,9.65,20,EA,EA,ABK15900
1Y7OH95A,7/18/17,7/31/17,7/31/17,7/28/17,E18751,EVF9M,B00IA8MXUE,Vicks Vapo Pad Family Pack, 12 Count,9.46,72,EA,EA,HDS3764388
1Y7OH95A,7/18/17,7/31/17,7/31/17,7/28/17,E18751,EVF9M,B00IGGZA00,Sundown Naturals Vitamin Suppl,ment High Potency Vitamin C 1000 mg - 300 Caplets,15.75,12,EA,EA,NAT025052
1Y7OH95A,7/18/17,7/31/17,7/31/17,7/28/17,E18751,EVF9M,B00IKGBU3M,Goodnit,s Underwear - Girl - Large - 11 ct,12.91,7,EA,EA,KIM413168
1Y7OH95A,7/18/17,7/31/17,7/31/17,7/28/17,E18751,EVF9M,B00JGU5CB2,Icy Hot Smart Back and Hip R,fill Pads (2 pads),13.2,24,EA,EA,RDC10663425
1Y7OH95A,7/18/17,7/31/17,7/31/17,7/28/17,E18751,EVF9M,B00K7RQ1KE,Caltrat, Minis + Minerals Size 150ct Caltrate Minis + Minerals 150ct,13.7,12,EA,EA,HDS5469523
1Y7OH95A,7/18/17,7/31/17,7/31/17,7/28/17,E18751,EVF9M,B00KCEKKPO,K-Y J,lly Personal Water Based Lubricant - 4 oz,4.35,185,EA,EA,JJ008912
1Y7OH95A,7/18/17,7/31/17,7/31/17,7/28/17,E18751,EVF9M,B00KM8ZLYA,N,utrogena Therapeutic Shampoo 4.5 oz,  2 Pack,13.2,48,EA,EA,JJ009650
1Y7OH95A,7/18/17,7/31/17,7/31/17,7/28/17,E18751,EVF9M,B00KV23WHU,N,utrogena Cleansing Wipes, Pink Grapefruit, 50 Count,12.89,12,EA,EA,DOT061626
1Y7OH95A,7/18/17,7/31/17,7/31/17,7/28/17,E18751,EVF9M,B00LSBLC8O,Buf-Puf G,ntle Facial Sponge,4.4,12,EA,EA,3M18503
1Y7OH95A,7/18/17,7/31/17,7/31/17,7/28/17,E18751,EVF9M,B00NAG7AF4,Biogaia Prot,ctis Baby Drops with Vitamin D3, 10mL,25.8,259,EA,EA,EVE046011
1Y7OH95A,7/18/17,7/31/17,7/31/17,7/28/17,E18751,EVF9M,B00O08UXMS,Exc,drin PM Headache Caplets-24 ct,4.5,12,EA,EA,NOV05624
1Y7OH95A,7/18/17,7/31/17,7/31/17,7/28/17,E18751,EVF9M,B00O19G14K,Summ,r's Eve Cleansing Cloth Simply Sensitive, 3 Count,7.52,12,EA,EA,FLE087110
1Y7OH95A,7/18/17,7/31/17,7/31/17,7/28/17,E18751,EVF9M,B00O59PFHK,MG217 M,dicated Tar Ointment Intensive Strength Psoriasis Treatment, 3.8 Ounce,8.35,36,EA,EA,CON050004
1Y7OH95A,7/18/17,7/31/17,7/31/17,7/28/17,E18751,EVF9M,B00RENOWXM,Summ,r's Eve Night-Time Cleansing Wash, Lavender, 12 Ounce,4.5,52,EA,EA,FLE002577
1Y7OH95A,7/18/17,7/31/17,7/31/17,7/28/17,E18751,EVF9M,B00S4RT9WG,Nizoral A-D Anti-Dandruff Shampoo - 7.0 oz,16.75,12,EA,EA,JJ089507
1Y7OH95A,7/18/17,7/31/17,7/31/17,7/28/17,E18751,EVF9M,B010OV9K1O,Band-Aid Adh,sive Bandages Disney's Frozen, Assorted Sizes, 20 ea(Pack 2),5.2,24,EA,EA,CAD16317
1Y7OH95A,7/18/17,7/31/17,7/31/17,7/28/17,E18751,EVF9M,B015OAOFZQ,EOS D,licate Petals Body Lotion, Berry Blossom, 11.8 Ounce,6.23,2,EA,EA,HDS5496906
1Y7OH95A,7/18/17,7/31/17,7/31/17,7/28/17,E18751,EVF9M,B015QMLYY2,Advil Sinus Cong,stion & Pain Reliever Coated Tablets, 20 Count,8.75,12,EA,EA,HDS5485875
1Y7OH95A,7/18/17,7/31/17,7/31/17,7/28/17,E18751,EVF9M,B018GXS7WK,R,fresh Optive Gel Drops, 0.33 Fluid Ounce,11.5,60,EA,EA,HDS5535679
1Y7OH95A,7/18/17,7/31/17,7/31/17,7/28/17,E18751,EVF9M,B01AUJ0RZS,VapoRub Cough Suppr,ssant Topical Analgesic Ointment 1.76 Oz,5.1,12,EA,EA,PRO000361
1Y7OH95A,7/18/17,7/31/17,7/31/17,7/28/17,E18751,EVF9M,B01INL7XXO,R,vitaLens Multipurpose Solution and Lens Case,5.91,12,EA,EA,AMO000099
1Y7OH95A,7/18/17,7/31/17,7/31/17,7/28/17,E18751,EVF9M,B01J1221VS,Av,eno Baby Soothing Bath Treatment Packets Eczema Therapy, 5 Count,5.93,120,EA,EA,JJ003662
1Y7OH95A,7/18/17,7/31/17,7/31/17,7/28/17,E18751,EVF9M,B01J1KD470,Mag-Tab SR Magn,sium Supplement, 100 Count,30.48,24,EA,EA,NIC42017
3CG6GBHR,7/18/17,7/31/17,7/31/17,7/28/17,E18781,EVF9M,B0000CESNS,Gard,n Goodies Positively Papaya Food 5 oz,3.3,1,EA,EA,BCI079489
3CG6GBHR,7/18/17,7/31/17,7/31/17,7/28/17,E18778,EVF9M,B00014EGA0,Lip Cl,ar Lysine+ Cold Sore Treatment 0.25 oz,6.4,12,EA,EA,QUA001674
3CG6GBHR,7/18/17,7/31/17,7/31/17,7/28/17,E18778,EVF9M,B0005YX9PE,Spl,nda Sugar Substitute Packets 7 oz,7.65,12,EA,EA,DOT200032
3CG6GBHR,7/18/17,7/31/17,7/31/17,7/28/17,E18781,EVF9M,B00062N49G,Pr,stige Taylor Percussion Hammer with Blue Head,2.45,64,EA,EA,PRE25BLUE
3CG6GBHR,7/18/17,7/31/17,7/31/17,7/28/17,E18781,EVF9M,B0009YHRR6,Zoo M,d Hermit Crab Ramp Bowl, Small, Color:Assorted,5.1,1,EA,EA,BCI604770
3CG6GBHR,7/18/17,7/31/17,7/31/17,7/28/17,E18781,EVF9M,B000AA4DBM,HORSE AND LIVESTOCK PRIME 060764 Hors, & Pony Height & Weight Tape, 80",3.4,2,EA,EA,BCI060764
3CG6GBHR,7/18/17,7/31/17,7/31/17,7/28/17,E18778,EVF9M,B000GCIAQS,Taro Clotrimazol, 7 Vaginal Cream 45 g,4.35,36,EA,EA,TAR200306
3CG6GBHR,7/18/17,7/31/17,7/31/17,7/28/17,E18778,EVF9M,B000GCLTVG,Duofilm Liquid Salicylic Acid Wart R,mover - 1/3 Oz,6.75,43,EA,EA,SCH025220
3CG6GBHR,7/18/17,7/31/17,7/31/17,7/28/17,E18778,EVF9M,B000GVTCSO,Burt's B,es Baby Bee Collection Shampoo and Wash, Tear-Free 8 fl. oz,6.65,8,EA,EA,BUR74399
3CG6GBHR,7/18/17,7/31/17,7/31/17,7/28/17,E18781,EVF9M,B000JILUYI,Braun PC 200 Prob, Cover by Welch Allyn (Pack of 200),10.7,24,EA,EA,WEL05075800
3CG6GBHR,7/18/17,7/31/17,7/31/17,7/28/17,E18781,EVF9M,B0019I3KT0,B,istle 034689128359 black Cowbell Noisemaker, One Size, Assorted,2.4,36,EA,EA,BEI60939-BK
3CG6GBHR,7/18/17,7/31/17,7/31/17,7/28/17,E18778,EVF9M,B001BJ6OCM,Blink T,ars Sterile Single Use Vials, 25 Count, 0.01 Fluid Ounce Each,10,30,EA,EA,AMO00325
3CG6GBHR,7/18/17,7/31/17,7/31/17,7/28/17,E18781,EVF9M,B001CCLDYM,Miracl, Care Kwik Stop Styptic Gel 1oz,6.2,1,EA,EA,BCI542441
3CG6GBHR,7/18/17,7/31/17,7/31/17,7/28/17,E18781,EVF9M,B0029W7RYY,Songbird Ess,ntials Seed Hoop,15,12,EA,EA,BCI008074
3CG6GBHR,7/18/17,7/31/17,7/31/17,7/28/17,E18778,EVF9M,B003BM2B8S,Butl,r G-U-M Go-Betweens Moderate Proxabrush Refills, 8 Count,2.95,6,EA,EA,BUT006612
3CG6GBHR,7/18/17,7/31/17,7/31/17,7/28/17,E18781,EVF9M,B003TVC8WA,Zoo M,d Aqua Accents Light River Pebbles,2.1,1,EA,EA,BCI679932
3CG6GBHR,7/18/17,7/31/17,7/31/17,7/28/17,E18781,EVF9M,B004IMJO8U,Pigma Sakura of Am,rica Micron 005 Pen, 0.20mm, Orange,2.55,1,EA,EA,AVIXSDK005-05
3CG6GBHR,7/18/17,7/31/17,7/31/17,7/28/17,E18778,EVF9M,B005X9IUB4,Scandishak, Weight Gain Instant Shake Mix Powder, Vanilla, 3 Ounce Packet - Box of 4,8.4,12,EA,EA,AXC080044
3CG6GBHR,7/18/17,7/31/17,7/31/17,7/28/17,E18778,EVF9M,B0076OPHYM,Fab,r-Castell Cran-Max Concentrate Capsules, Cranberry, 60 Count,9.4,30,EA,EA,INT91681
3CG6GBHR,7/18/17,7/31/17,7/31/17,7/28/17,E18781,EVF9M,B007R5M7V6,G,neral Cure Powder Packet,9.8,6,EA,EA,BCI3160152
3CG6GBHR,7/18/17,7/31/17,7/31/17,7/28/17,E18778,EVF9M,B008RN5T94,P,rrigo Acetaminophen Rectal Suppositories, 650mg, 12 CT,5.75,12,EA,EA,HDS1149897
3CG6GBHR,7/18/17,7/31/17,7/31/17,7/28/17,E18781,EVF9M,B00B39TUZS,Zodiac Spot On Fl,a Tick Control For Small Dogs, 4 Months Supply,10.5,1,EA,EA,BCI598814
3CG6GBHR,7/18/17,7/31/17,7/31/17,7/28/17,E18778,EVF9M,B00DF70ER4,Huggi,s Natural Care Unscented Baby Wipes Tub - 64ct,3.5,4,EA,EA,KIM018600
3CG6GBHR,7/18/17,7/31/17,7/31/17,7/28/17,E18778,EVF9M,B00IGGZA00,Sundown Naturals Vitamin Suppl,ment High Potency Vitamin C 1000 mg - 300 Caplets,15.75,12,EA,EA,NAT025052
3CG6GBHR,7/18/17,7/31/17,7/31/17,7/28/17,E18778,EVF9M,B00KM8ZLYA,N,utrogena Therapeutic Shampoo 4.5 oz,  2 Pack,13.2,24,EA,EA,JJ009650
3CG6GBHR,7/18/17,7/31/17,7/31/17,7/28/17,E18778,EVF9M,B00O19G14K,Summ,r's Eve Cleansing Cloth Simply Sensitive, 3 Count,7.52,12,EA,EA,FLE087110
3CG6GBHR,7/18/17,7/31/17,7/31/17,7/28/17,E18781,EVF9M,B00V9Z0OAG,P,t Factory 78106 Beefhide 6" Braided Sicks. 6 Pack. Made in USA,11.9,1,EA,EA,BCI547714
3CG6GBHR,7/18/17,7/31/17,7/31/17,7/28/17,E18781,EVF9M,B00XIMO4JU,VALHOMA 756 M C BL 625478 M,sh Chicken Harness, Blue, Rooster,9.8,2,EA,EA,BCI625478
3CG6GBHR,7/18/17,7/31/17,7/31/17,7/28/17,E18781,EVF9M,B00ZXVXVFC,W,lch Allyn 11820 PanOptic Ophthalmoscope with Cobalt Blue Filter and Corneal Viewing Lens,541.46,1,EA,EA,WEL11820
3CG6GBHR,7/18/17,7/31/17,7/31/17,7/28/17,E18781,EVF9M,B014SMUTWO,W,lch Allyn REUSE-12 FlexiPort Cuffs Reusable, Durable, Large Adult,25.01,1,EA,EA,WELREUSE-12
3CG6GBHR,7/18/17,7/31/17,7/31/17,7/28/17,E18781,EVF9M,B015YUEQBE,Marshall Bandits Fr,eze Duck Dried Treat for Pets,4.2,12,EA,EA,BCI572030
3CG6GBHR,7/18/17,7/31/17,7/31/17,7/28/17,E18778,EVF9M,B018GXS7WK,R,fresh Optive Gel Drops, 0.33 Fluid Ounce,11.5,10,EA,EA,HDS5535679
4L2CINBX,7/18/17,7/31/17,7/31/17,7/28/17,E18798,EVF9M,B00013YYS0,Burt's B,es Lemon Butter Cuticle Cream,4.4,12,EA,EA,BUR07199
4L2CINBX,7/18/17,7/31/17,7/31/17,7/28/17,E18800,EVF9M,B00014D0A2,Lily Of Th, Desert - Aloe Vera Gelly Tube, 4 fl oz gel,5.79,24,EA,EA,THRLI0012
4L2CINBX,7/18/17,7/31/17,7/31/17,7/28/17,E18800,EVF9M,B00014DXK4,Natur,'s Way - Red Raspberry Leaves, 450 mg, 100 capsules,7.99,12,EA,EA,THRNW0093
4L2CINBX,7/18/17,7/31/17,7/31/17,7/28/17,E18800,EVF9M,B00016AHRY,Natur,'s Way - Pepogest Ec Peppermint Oil, 60 softgels,8.95,12,EA,EA,THRNW0972
4L2CINBX,7/18/17,7/31/17,7/31/17,7/28/17,E18800,EVF9M,B00016X3KC,Giovanni L.A. Natural Styling G,l, 6.8 oz,7.99,12,EA,EA,THRGV0011
4L2CINBX,7/18/17,7/31/17,7/31/17,7/28/17,E18800,EVF9M,B0001CVDZI,Walk,rswood Traditional Jamaican Jerk Seasoning, 10 oz,5.14,12,EA,EA,KEH00088922
4L2CINBX,7/18/17,7/31/17,7/31/17,7/28/17,E18800,EVF9M,B0001TMDF0,Wat,r-Rosewater Heritage Store 8 oz Liquid,5.75,68,EA,EA,THRHG0152
4L2CINBX,7/18/17,7/31/17,7/31/17,7/28/17,E18800,EVF9M,B00028Q8WO,Big,low Tea French Vanilla -- 20 Tea Bags,3.28,12,EA,EA,KEH00689802
4L2CINBX,7/18/17,7/31/17,7/31/17,7/28/17,E18800,EVF9M,B00029F4TQ,Hawthorn Standardiz,d Extract - 90 - Capsule,9.15,12,EA,EA,THRNW0819
4L2CINBX,7/18/17,7/31/17,7/31/17,7/28/17,E18800,EVF9M,B0002JG7SS,NUTREX HAWAII SPIRULINA POWDER, 5 OZ,13.99,12,EA,EA,THRNX0005
4L2CINBX,7/18/17,7/31/17,7/31/17,7/28/17,E18800,EVF9M,B0005YX1BG,Goya Adobo S,asoning 8oz,2.2,21,EA,EA,KEH00307246
4L2CINBX,7/18/17,7/31/17,7/31/17,7/28/17,E18798,EVF9M,B0005YX9PE,Spl,nda Sugar Substitute Packets 7 oz,7.65,12,EA,EA,DOT200032
4L2CINBX,7/18/17,7/31/17,7/31/17,7/28/17,E18797,EVF9M,B0006GE5N6,Wat,r Jel, First Aid Burn Relief, Burn jel, 25 count,12,24,EA,EA,120600
4L2CINBX,7/18/17,7/31/17,7/31/17,7/28/17,E18800,EVF9M,B00099Z2OQ,Giovanni Dir,ct Leave In Treatment Conditioner, 8.5 oz,7.99,23,EA,EA,THRGV0002
4L2CINBX,7/18/17,7/31/17,7/31/17,7/28/17,E18798,EVF9M,B000CSCFOO,Burt's B,es: Baby Bee Dusting Powder, 4.5 oz,4.1,3,EA,EA,BUR36599
4L2CINBX,7/18/17,7/31/17,7/31/17,7/28/17,E18798,EVF9M,B000GCHWLC,TUMS Ultra Str,ngth 1000 Tablets Assorted Fruit 160 Chewable Tablets,8.5,72,EA,EA,GLA746102
4L2CINBX,7/18/17,7/31/17,7/31/17,7/28/17,E18798,EVF9M,B000GCIAQS,Taro Clotrimazol, 7 Vaginal Cream 45 g,4.35,12,EA,EA,TAR200306
4L2CINBX,7/18/17,7/31/17,7/31/17,7/28/17,E18798,EVF9M,B000GCL2D6,Foug,ra Zinc Oxide Ointment, 2 Ounce,5.81,30,EA,EA,FOU006202
4L2CINBX,7/18/17,7/31/17,7/31/17,7/28/17,E18798,EVF9M,B000GCL2WC,A + D Original Diap,r Rash Ointment, 4 Ounce,4.35,60,EA,EA,SCH009602
4L2CINBX,7/18/17,7/31/17,7/31/17,7/28/17,E18798,EVF9M,B000GCLTVG,Duofilm Liquid Salicylic Acid Wart R,mover - 1/3 Oz,6.75,46,EA,EA,SCH025220
4L2CINBX,7/18/17,7/31/17,7/31/17,7/28/17,E18798,EVF9M,B000GCOINM,Hydrocortison, Anti Itch Ointment, 1 Ounce,5,10,EA,EA,FOU001631
4L2CINBX,7/18/17,7/31/17,7/31/17,7/28/17,E18798,EVF9M,B000GCURBO,S,lsun Blue Medicated Dandruff Shampoo/Conditioner 2-in-1 Treatment, 11 Ounce,7.8,264,EA,EA,CHA165249
4L2CINBX,7/18/17,7/31/17,7/31/17,7/28/17,E18798,EVF9M,B000GG0FP8,Hyland's Hom,opathic Migraine Headache Relief - 60 Tablets,6.2,26,EA,EA,HDS2266062
4L2CINBX,7/18/17,7/31/17,7/31/17,7/28/17,E18798,EVF9M,B000GG15UM,FERREX 150 CAPS ***BRE Siz,: 10X10 UD,13,12,EA,EA,FER020311
4L2CINBX,7/18/17,7/31/17,7/31/17,7/28/17,E18798,EVF9M,B000GG16QA,Brylcr,em Hair Cream, 5.5 Ounce,6.2,24,EA,EA,COM31160
4L2CINBX,7/18/17,7/31/17,7/31/17,7/28/17,E18798,EVF9M,B000GG1S5O,Spl,nda No Calorie Sweetener 200 Packets,7.85,12,EA,EA,DOT200032
4L2CINBX,7/18/17,7/31/17,7/31/17,7/28/17,E18798,EVF9M,B000GGFZLC,REACH D,ntotape Waxed Tape, Unflavored 100 Yards,2.7,48,EA,EA,JJ009221
4L2CINBX,7/18/17,7/31/17,7/31/17,7/28/17,E18798,EVF9M,B000GGL2JQ,Gold Bond Rapid R,lief Anti Itch Cream, 2 oz,5.95,168,EA,EA,CHA005012
4L2CINBX,7/18/17,7/31/17,7/31/17,7/28/17,E18798,EVF9M,B000GGM1CI,Vagisil M,dicated Anti-Itch Wipes, 12 Wipes,5.74,24,EA,EA,RDC10115426
4L2CINBX,7/18/17,7/31/17,7/31/17,7/28/17,E18798,EVF9M,B000GVTCSO,Burt's B,es Baby Bee Collection Shampoo and Wash, Tear-Free 8 fl. oz,6.65,10,EA,EA,BUR74399
4L2CINBX,7/18/17,7/31/17,7/31/17,7/28/17,E18800,EVF9M,B000LT0SK2,Spry Xylitol Gum, Natural Sp,armint, 100ct,7.3,60,EA,EA,THRQX0023
4L2CINBX,7/18/17,7/31/17,7/31/17,7/28/17,E18798,EVF9M,B000MT1SLY,Tuli's H,avy Duty Heel Cups, Regular (Under 175lbs),8.09,12,EA,EA,DJO102128
4L2CINBX,7/18/17,7/31/17,7/31/17,7/28/17,E18798,EVF9M,B000NJZKNA,Acu-Lif, Dri-Eze Hearing Aid Dehumidifier,3.7,108,EA,EA,HEA010587
4L2CINBX,7/18/17,7/31/17,7/31/17,7/28/17,E18798,EVF9M,B000NLFX7Q,Albol,ne Moisturizing Cleanser 6 Oz,6.7,36,EA,EA,DSE01640
4L2CINBX,7/18/17,7/31/17,7/31/17,7/28/17,E18798,EVF9M,B000NWCRI8,P,dinol Ureacin-20 Moisturizing Cream, 4 oz,21.15,21,EA,EA,VAL04490
4L2CINBX,7/18/17,7/31/17,7/31/17,7/28/17,E18798,EVF9M,B000P158OW,Bic Twin S,lect Silky Touch 10 ct,3.75,636,EA,EA,BIC91610
4L2CINBX,7/18/17,7/31/17,7/31/17,7/28/17,E18800,EVF9M,B000VH6MEK,S,venth Generation Organic Cotton Tampons, Regular, 20 ct,5.04,24,EA,EA,KEH00737270
4L2CINBX,7/18/17,7/31/17,7/31/17,7/28/17,E18798,EVF9M,B000XQ2KZE,Humco Warming Arthritis Pain R,lief Lotion, 4 Ounce,12.8,11,EA,EA,HUM013094
4L2CINBX,7/18/17,7/31/17,7/31/17,7/28/17,E18798,EVF9M,B000ZC0S5A,All,rgan Refresh Plus Lubricant Eye Drops, Value Size, 70 ct.,20.5,28,EA,EA,ALL403702
4L2CINBX,7/18/17,7/31/17,7/31/17,7/28/17,E18800,EVF9M,B000ZFCDFA,Dr. Woods Pur, Peppermint Liquid Castile Soap with Organic Shea Butter, 32 Ounce,10.5,12,EA,EA,THRKY0007
4L2CINBX,7/18/17,7/31/17,7/31/17,7/28/17,E18798,EVF9M,B0010WPOHG,B-A Wat,r Block Plus Size 30s Band-Aid Water Block Plus Transparent Adhesive Bandages,3.65,12,EA,EA,CAD005659
4L2CINBX,7/18/17,7/31/17,7/31/17,7/28/17,E18798,EVF9M,B0011DQMNY,Compound W Wart R,mover One Step Pads for Plantar Warts-20ct,8.1,19,EA,EA,MED059550
4L2CINBX,7/18/17,7/31/17,7/31/17,7/28/17,E18798,EVF9M,B00126LXNO,Gold Bond Cornstarch Plus Baby Powd,r 4 oz,4.73,288,EA,EA,CHA002304
4L2CINBX,7/18/17,7/31/17,7/31/17,7/28/17,E18798,EVF9M,B001282G7E,S.S.S. Tonic Liquid, 10 Ounc,,6.65,18,EA,EA,SS011110
4L2CINBX,7/18/17,7/31/17,7/31/17,7/28/17,E18798,EVF9M,B0013T825C,Dr. Scholl's Mol,skin Roll,4.4,20,EA,EA,SCH33880
4L2CINBX,7/18/17,7/31/17,7/31/17,7/28/17,E18797,EVF9M,B0013U5PV0,Dynar,x Powder Free Vinyl Exam Gloves, X-Large, 100 Count,3.75,30,EA,EA,ROYPFV206XL
4L2CINBX,7/18/17,7/31/17,7/31/17,7/28/17,E18800,EVF9M,B00161FSZY,Tony Chach,re's Original Creole Seasoning, 8 Ounce Shakers,2.6,108,EA,EA,KEH00355743
4L2CINBX,7/18/17,7/31/17,7/31/17,7/28/17,E18800,EVF9M,B0019LU5K4,Xl,ar Spry Rain Oral Mist with Xylitol, 4.5oz Packages,9,24,EA,EA,KEH00273786
4L2CINBX,7/18/17,7/31/17,7/31/17,7/28/17,E18798,EVF9M,B001BJ6OCM,Blink T,ars Sterile Single Use Vials, 25 Count, 0.01 Fluid Ounce Each,10,30,EA,EA,AMO00325
4L2CINBX,7/18/17,7/31/17,7/31/17,7/28/17,E18798,EVF9M,B001BKU6DO,Magn,sium Gluconate 500 Mg 90 Tb - From Windmill,5.4,48,EA,EA,WIN000322
4L2CINBX,7/18/17,7/31/17,7/31/17,7/28/17,E18800,EVF9M,B001GJCZPC,Jak,mans Anise Throat & Chest Lozenge Box, 24 counts,2.6,24,EA,EA,KEH01339035
4L2CINBX,7/18/17,7/31/17,7/31/17,7/28/17,E18798,EVF9M,B001JN01A6,Adapt Lubricating D,odorant - 8 oz bottle,14.95,12,EA,EA,HDS1596485
4L2CINBX,7/18/17,7/31/17,7/31/17,7/28/17,E18798,EVF9M,B001QJ2ZQG,On, Touch Ultra Mini Systm Kit 1 Pink,17.75,27,EA,EA,HDS2103158
4L2CINBX,7/18/17,7/31/17,7/31/17,7/28/17,E18798,EVF9M,B001THDDFC,Ezy Dos, Weekly AM/PM Travel Pill Planner (Small),3.85,48,EA,EA,APO670546
4L2CINBX,7/18/17,7/31/17,7/31/17,7/28/17,E18798,EVF9M,B001V9MP52,Pin Worm M,dicine Reese'S 1 Oz Pyrantel Pamoate Suspension,6.25,24,EA,EA,HEA061801
4L2CINBX,7/18/17,7/31/17,7/31/17,7/28/17,E18798,EVF9M,B001V9T4QU,Mu,ller Elastic Knee Stabilizer, L/XL,7.8,12,EA,EA,MUE64721
4L2CINBX,7/18/17,7/31/17,7/31/17,7/28/17,E18798,EVF9M,B001V9UQOE,MURO 128 5 P,rcent 0.0 TWIN PACK 2X1/8 OZ,31.5,12,EA,EA,BAU038556
4L2CINBX,7/18/17,7/31/17,7/31/17,7/28/17,E18797,EVF9M,B00234IMJW,Opti-Fr,e Express Disinfecting Solution, Multi-Purpose, Lasting Comfort Formula,10 fl. oz.,8.79,120,EA,EA,ALC314450
4L2CINBX,7/18/17,7/31/17,7/31/17,7/28/17,E18800,EVF9M,B00261TAUW,Dynasty Whol, Shiitake Mushrooms 1oz,2.55,12,EA,EA,KEH00020478
4L2CINBX,7/18/17,7/31/17,7/31/17,7/28/17,E18798,EVF9M,B00289H2FC,Plax Advanc,d Formula Plaque Loosening Rinse Softmint Flavor 24OZ,5.75,12,EA,EA,DOT001963
4L2CINBX,7/18/17,7/31/17,7/31/17,7/28/17,E18798,EVF9M,B002AQRICU,Ambit,x Synthetic Vinyl Powder Free Exam Gloves, Medium, 100 Count,3.99,12,EA,EA,HDS3850591
4L2CINBX,7/18/17,7/31/17,7/31/17,7/28/17,E18800,EVF9M,B002FJW4F8,Pro-G,st Cream (Paraben Free) by Emerita (Pro-Gest) - 48 Packets, 2.2 oz,20.75,12,EA,EA,THREF0039
4L2CINBX,7/18/17,7/31/17,7/31/17,7/28/17,E18800,EVF9M,B002HK6RXK,Madhava Agav, Nectar Light, 46 Ounce,13.01,6,EA,EA,KEH01711019
4L2CINBX,7/18/17,7/31/17,7/31/17,7/28/17,E18800,EVF9M,B00394LNMI,D,rma E Hyaluronic Hydrating Mist, 2 Fluid Ounce,8.15,72,EA,EA,KEH01421189
4L2CINBX,7/18/17,7/31/17,7/31/17,7/28/17,E18800,EVF9M,B003H2K8I2,Barrys T,a Decaf,4.69,39,EA,EA,KEH01314285
4L2CINBX,7/18/17,7/31/17,7/31/17,7/28/17,E18798,EVF9M,B003H3OQTS,Imodium Advanc,d Multi-Symptom Relief Caplets 18 ea,9,108,EA,EA,HDS2171130
4L2CINBX,7/18/17,7/31/17,7/31/17,7/28/17,E18798,EVF9M,B00411H8WC,R,fresh Celluvisc Lubricant Eye Gel Single-use Containers 30 Ea,11.95,48,EA,EA,ALL455430
4L2CINBX,7/18/17,7/31/17,7/31/17,7/28/17,E18800,EVF9M,B004769M8E,Xl,ar Spry Tooth Gel with Xylitol,  Strawberry Banana Flavor, 2 oz Tube,4.95,144,EA,EA,THRQX0013
4L2CINBX,7/18/17,7/31/17,7/31/17,7/28/17,E18798,EVF9M,B004CXBLAO,H,althcare Mag-Ox 120 EA 400 Magnesium Tablets,14.23,108,EA,EA,HIT049412
4L2CINBX,7/18/17,7/31/17,7/31/17,7/28/17,E18798,EVF9M,B004FI3QBI,AQUADEKS Ch,wable Tablets Multi-Vitamins & Mineral Supplement, 60 Count,38.07,25,EA,EA,AXC001460
4L2CINBX,7/18/17,7/31/17,7/31/17,7/28/17,E18798,EVF9M,B004FNKHO2,Cortizon,-10 Intensive Healing Lotion Eczema 3.50 oz,7.95,84,EA,EA,CHA03310
4L2CINBX,7/18/17,7/31/17,7/31/17,7/28/17,E18798,EVF9M,B004KWLXM8,Natur,'s Blend Ferrous Gluconate Tablets, 100 Count,4.95,12,EA,EA,HDS2026672
4L2CINBX,7/18/17,7/31/17,7/31/17,7/28/17,E18798,EVF9M,B004SCT85E,Badg,r - Sunscreen All Natural Insect Repellent Cream Water Resistant Anti-Bug 34 SPF -2.9 oz.,12.1,12,EA,EA,WSB473001
4L2CINBX,7/18/17,7/31/17,7/31/17,7/28/17,E18800,EVF9M,B0054RP1OO,Sp,ctrum Naturals Organic Whole Premium Flax Seeds Bag, 15 Ounce,5.56,36,EA,EA,KEH00516757
4L2CINBX,7/18/17,7/31/17,7/31/17,7/28/17,E18800,EVF9M,B005P0J9RA,Good Earth T,as Organic Sweet and Spicy Herbal Caffeine Free Tea Bag, 18 Count,3.95,30,EA,EA,THRGE0046
4L2CINBX,7/18/17,7/31/17,7/31/17,7/28/17,E18800,EVF9M,B005P0X2Q4,D,sert Essence Natural Tea Tree Oil and Neem Toothpaste, 176g (6.25 OZ),4.3,55,EA,EA,THRDE0123
4L2CINBX,7/18/17,7/31/17,7/31/17,7/28/17,E18798,EVF9M,B005X9IUB4,Scandishak, Weight Gain Instant Shake Mix Powder, Vanilla, 3 Ounce Packet - Box of 4,8.4,44,EA,EA,AXC080044
4L2CINBX,7/18/17,7/31/17,7/31/17,7/28/17,E18800,EVF9M,B006HIY39I,Wowbutt,r Creamy Butter 17.6oz,4.35,120,EA,EA,KEH01616952
4L2CINBX,7/18/17,7/31/17,7/31/17,7/28/17,E18798,EVF9M,B0076OPHYM,Fab,r-Castell Cran-Max Concentrate Capsules, Cranberry, 60 Count,9.4,30,EA,EA,INT91681
4L2CINBX,7/18/17,7/31/17,7/31/17,7/28/17,E18798,EVF9M,B007O3D468,Trojan Naturalamb (3 Lubricat,d Natural Skin Condoms),6.85,12,EA,EA,CHU098050
4L2CINBX,7/18/17,7/31/17,7/31/17,7/28/17,E18797,EVF9M,B0080Y2A3S,Dixi, EMS Dixigear Empty First Responder II Bag, Blue,6.5,40,EA,EA,636841BL
4L2CINBX,7/18/17,7/31/17,7/31/17,7/28/17,E18798,EVF9M,B00822AM9M,Car,x Health Brands Self Standing Cane Tip,6.2,24,EA,EA,HDS2543247
4L2CINBX,7/18/17,7/31/17,7/31/17,7/28/17,E18798,EVF9M,B00843E5NS,Ddrops Boost,r 600 IU Drops, 100 Drops,10.4,141,EA,EA,DDR00011
4L2CINBX,7/18/17,7/31/17,7/31/17,7/28/17,E18798,EVF9M,B0087GQFVC,Contour Products Kabooti Coccyx Foam S,at Cushion, Blue,19.86,44,EA,EA,HDS3719093
4L2CINBX,7/18/17,7/31/17,7/31/17,7/28/17,E18798,EVF9M,B0089QD9WI,Badg,r Certified Natural Broad Spectrum Sunscreen SPF 30, Unscented, 2.9 Fluid Ounce,12.18,3,EA,EA,RDC10667830
4L2CINBX,7/18/17,7/31/17,7/31/17,7/28/17,E18798,EVF9M,B0089S02TO,Systan, Contact Lube Size .41z,9.4,13,EA,EA,ALC190930
4L2CINBX,7/18/17,7/31/17,7/31/17,7/28/17,E18800,EVF9M,B008O7D4KY,Collag,n+C Pomegranate 16 Ounces,18.5,12,EA,EA,THROC0009
4L2CINBX,7/18/17,7/31/17,7/31/17,7/28/17,E18797,EVF9M,B008YKLX5O,Dixi, EMS Blood Pressure and Sprague Stethoscope Kit,13,75,EA,EA,422208PUR
4L2CINBX,7/18/17,7/31/17,7/31/17,7/28/17,E18798,EVF9M,B009K6Z4SI,Advil Migrain, - 80 Liquid Filled Capsules,11.3,48,EA,EA,HDS3530169
4L2CINBX,7/18/17,7/31/17,7/31/17,7/28/17,E18800,EVF9M,B00A2EX5S8,Kiss My Fac,: Bath & Shower Gel, Peaceful Patchouli 16 oz,6.35,12,EA,EA,THRKF0113
4L2CINBX,7/18/17,7/31/17,7/31/17,7/28/17,E18800,EVF9M,B00AJZOIZY,Jason Body Wash Soothing Alo, Vera Pure Natural -- 30 fl oz,9.5,12,EA,EA,THRJC0098
4L2CINBX,7/18/17,7/31/17,7/31/17,7/28/17,E18798,EVF9M,B00ANL4WKK,BC Aspirin Fast Pain R,lief Powder - Quickly Relieves Pain Due to Headaches, Body Aches, and Fever - Contains Caffeine - 50 Powders,6.39,144,EA,EA,HDS1101120
4L2CINBX,7/18/17,7/31/17,7/31/17,7/28/17,E18798,EVF9M,B00B6QWZPU,TRUEplus St,rile Lancets 28 gauge (100-ct) by Nipro (100 Lancets (100 Per Box)),2.25,40,EA,EA,HOM00022
4L2CINBX,7/18/17,7/31/17,7/31/17,7/28/17,E18798,EVF9M,B00BD1BXJM,PanOxyl Acn, Foaming Wash 10% Benzoyl Peroxide 5.5 oz (156 g),7.92,1056,EA,EA,GLA009835
4L2CINBX,7/18/17,7/31/17,7/31/17,7/28/17,E18800,EVF9M,B00BS8YNG0,Olbas Oil -- 0.32 fl oz,6.99,12,EA,EA,THROL0001
4L2CINBX,7/18/17,7/31/17,7/31/17,7/28/17,E18797,EVF9M,B00BTIUFYS,Dixi, EMS Blood Pressure and Sprague Stethoscope Kit, Pink,14,150,EA,EA,422208PK
4L2CINBX,7/18/17,7/31/17,7/31/17,7/28/17,E18800,EVF9M,B00C2RIAU6,Xl,ar Sinus Care Rinse System With Xylitol -- 1 Kit,9,24,EA,EA,KEH00261598
4L2CINBX,7/18/17,7/31/17,7/31/17,7/28/17,E18798,EVF9M,B00C5RKBVO,Halls D,fense Antioxidants Drops, Pomegranate Berry, 17 Count,2.8,20,EA,EA,UNI63018
4L2CINBX,7/18/17,7/31/17,7/31/17,7/28/17,E18798,EVF9M,B00C6WT14G,Thick-it Original Instant Food Thick,ners, 36 Ounce : 1 Each,14.75,12,EA,EA,PRE004076
4L2CINBX,7/18/17,7/31/17,7/31/17,7/28/17,E18798,EVF9M,B00CHLFWGM,GE100 T,st Strips 50ct,8.54,40,EA,EA,RDC10279859
4L2CINBX,7/18/17,7/31/17,7/31/17,7/28/17,E18800,EVF9M,B00CNHJO9G,Laci L, Beau Tea S Diet Original, 60 Count (Net Wt. 5.26oz.).,10.2,12,EA,EA,THRNO0540
4L2CINBX,7/18/17,7/31/17,7/31/17,7/28/17,E18798,EVF9M,B00CREXTQ4,Boston R,wetting Drops for Rigid Gas Permeable Contact Lenses, 1/3 Ounce Bottle,5.7,24,EA,EA,VAL055091
4L2CINBX,7/18/17,7/31/17,7/31/17,7/28/17,E18798,EVF9M,B00EKONU1I,NO-AD Sunscr,en Lotion, SPF 15 16 oz (Pack of 2),13.5,12,EA,EA,RDC10276459
4L2CINBX,7/18/17,7/31/17,7/31/17,7/28/17,E18800,EVF9M,B00F9WH2EG,Glutino Glut,n Free Breakfast Bars, Apple, 5 Count,3.95,24,EA,EA,KEH00470898
4L2CINBX,7/18/17,7/31/17,7/31/17,7/28/17,E18800,EVF9M,B00GRPGLUU,M,diNatura T-Relief Pain Relief Ointment 3.53 Ounce Ointment,14.5,12,EA,EA,THRHJ0010
4L2CINBX,7/18/17,7/31/17,7/31/17,7/28/17,E18798,EVF9M,B00HTIUFEW,Littl, Remedies Little Noses Saline Spray/Drops, 1 Ounce,4.33,648,EA,EA,MED120101
4L2CINBX,7/18/17,7/31/17,7/31/17,7/28/17,E18800,EVF9M,B00HURXN3C,N,oCell Beauty Infusion Cranberry Cocktail -- 11.64 oz (330 G),21,17,EA,EA,KEH00131992
4L2CINBX,7/18/17,7/31/17,7/31/17,7/28/17,E18798,EVF9M,B00IA8MXUE,Vicks Vapo Pad Family Pack, 12 Count,9.46,24,EA,EA,HDS3764388
4L2CINBX,7/18/17,7/31/17,7/31/17,7/28/17,E18798,EVF9M,B00IGGZA00,Sundown Naturals Vitamin Suppl,ment High Potency Vitamin C 1000 mg - 300 Caplets,15.75,18,EA,EA,NAT025052
4L2CINBX,7/18/17,7/31/17,7/31/17,7/28/17,E18800,EVF9M,B00J4KW370,WooBamboo Toothbrush Standard Handl, Soft Single,2.55,12,EA,EA,KEH00255086
4L2CINBX,7/18/17,7/31/17,7/31/17,7/28/17,E18798,EVF9M,B00KCEKKPO,K-Y J,lly Personal Water Based Lubricant - 4 oz,4.35,179,EA,EA,JJ008912
4L2CINBX,7/18/17,7/31/17,7/31/17,7/28/17,E18798,EVF9M,B00KM8ZLYA,N,utrogena Therapeutic Shampoo 4.5 oz,  2 Pack,13.2,48,EA,EA,JJ009650
4L2CINBX,7/18/17,7/31/17,7/31/17,7/28/17,E18797,EVF9M,B00MJLIW4O,Sp,ctra Baby USA All New Spectra 9 Plus Advanced Electric Breast Pump with Rechargeable Battery, 3.3 Pound,125.85,4,EA,EA,SPESPS900
4L2CINBX,7/18/17,7/31/17,7/31/17,7/28/17,E18798,EVF9M,B00NAG7AF4,Biogaia Prot,ctis Baby Drops with Vitamin D3, 10mL,25.8,211,EA,EA,EVE046011
4L2CINBX,7/18/17,7/31/17,7/31/17,7/28/17,E18798,EVF9M,B00O19G14K,Summ,r's Eve Cleansing Cloth Simply Sensitive, 3 Count,7.52,12,EA,EA,FLE087110
4L2CINBX,7/18/17,7/31/17,7/31/17,7/28/17,E18798,EVF9M,B00O59PFHK,MG217 M,dicated Tar Ointment Intensive Strength Psoriasis Treatment, 3.8 Ounce,8.35,132,EA,EA,CON050004
4L2CINBX,7/18/17,7/31/17,7/31/17,7/28/17,E18800,EVF9M,B00O7UCA2U,Big,low Tea 1x Salted Caramel Tea, 0.25 Pound,3.52,6,EA,EA,KEH00145142
4L2CINBX,7/18/17,7/31/17,7/31/17,7/28/17,E18800,EVF9M,B00QX9D36A,Walk,rs Shortbread Gluten-Free Shortbread Rounds, 4.9 Ounce,3.53,6,EA,EA,KEH00252712
4L2CINBX,7/18/17,7/31/17,7/31/17,7/28/17,E18800,EVF9M,B00TJ17KLI,Natur,'s Way Blessed Thistle Herb (COG) Caps, 390 mg,  100 ct,6.99,12,EA,EA,THRNW0018
4L2CINBX,7/18/17,7/31/17,7/31/17,7/28/17,E18797,EVF9M,B00UVAH192,Ev,r Ready First Aid Self Adherent Cohesive Bandages, Rainbow, 18 Count,14.5,20,EA,EA,0300072C
4L2CINBX,7/18/17,7/31/17,7/31/17,7/28/17,E18800,EVF9M,B00VA18H80,Ging,r People Ginger Juice -- 5 fl oz,3.99,24,EA,EA,KEH00022630
4L2CINBX,7/18/17,7/31/17,7/31/17,7/28/17,E18800,EVF9M,B00WU1OCWO,Prid, Of Szeged Paprika Hungarian Sweet, 4 Ounce,3.43,24,EA,EA,KEH00259475
4L2CINBX,7/18/17,7/31/17,7/31/17,7/28/17,E18800,EVF9M,B00XAJI1AE,d,rma e Firming DMAE Eye Lift 0.5 oz,14.97,24,EA,EA,KEH00257208
4L2CINBX,7/18/17,7/31/17,7/31/17,7/28/17,E18798,EVF9M,B00XJKL33G,Hair Off Hair R,mover Mitten 3-N-1,5.8,12,EA,EA,HDS1596089
4L2CINBX,7/18/17,7/31/17,7/31/17,7/28/17,E18798,EVF9M,B015OAOFZQ,EOS D,licate Petals Body Lotion, Berry Blossom, 11.8 Ounce,6.23,22,EA,EA,HDS5496906
4L2CINBX,7/18/17,7/31/17,7/31/17,7/28/17,E18798,EVF9M,B015QMLYY2,Advil Sinus Cong,stion & Pain Reliever Coated Tablets, 20 Count,8.75,12,EA,EA,HDS5485875
4L2CINBX,7/18/17,7/31/17,7/31/17,7/28/17,E18798,EVF9M,B015YGW9F8,Nasacort Childr,n's Allergy Spray, 0.37 Fluid Ounce,13.54,12,EA,EA,HDS5485354
4L2CINBX,7/18/17,7/31/17,7/31/17,7/28/17,E18797,EVF9M,B019HZR2N6,M,trex 10-2800 MetriCide 28 High-Level Disinfectant/Sterilant, 1 gal Capacity,20.49,4,EA,EA,MET2800
4L2CINBX,7/18/17,7/31/17,7/31/17,7/28/17,E18797,EVF9M,B01A0UK52M,Crosst,x 19202 Dental Dam, Latex, Mint Flavor, Thin Gauge, 5" x 5" Size, Green (Pack of 52),11.24,12,EA,EA,CRO19202
4L2CINBX,7/18/17,7/31/17,7/31/17,7/28/17,E18798,EVF9M,B01ANSKV3O,Accu-ch,k Compact Plus Act Anticavity Fluoride Rinse, Cinnamon, 6 Count,25.5,13,EA,EA,RDC90061722
4L2CINBX,7/18/17,7/31/17,7/31/17,7/28/17,E18798,EVF9M,B01AUJ16SA,Calmos,ptine Antiseptic Ointment 4 oz (Pack of 12),69,1,EA,EA,CAL29642006
4L2CINBX,7/18/17,7/31/17,7/31/17,7/28/17,E18800,EVF9M,B01C8DQUBY,Sw,et Leaf Stevia Organic Sweet Leaf Stevia Packets - 70 ct,5.99,24,EA,EA,THRWS0090
4L2CINBX,7/18/17,7/31/17,7/31/17,7/28/17,E18797,EVF9M,B01CJU0U9E,PDI H,althcare D41900 Castile Soap Towelette, 2% Coconut Oil (Pack of 1000),31.58,11,EA,EA,0100099
4L2CINBX,7/18/17,7/31/17,7/31/17,7/28/17,E18798,EVF9M,B01IN5GHWI,Taro Clotrimazol, 7 Vaginal Cream 45 g ( Pack of 3),13.31,12,EA,EA,TAR200306
4L2CINBX,7/18/17,7/31/17,7/31/17,7/28/17,E18798,EVF9M,B01J1KD470,Mag-Tab SR Magn,sium Supplement, 100 Count,30.48,24,EA,EA,NIC42017
4L2CINBX,7/18/17,7/31/17,7/31/17,7/28/17,E18800,EVF9M,B06XDC5FXV,blk Spring Wat,r Enriched with Fulvic Acid, 16.9 Ounce,2.58,24,EA,EA,KEH00025275
4S5LSBAC,7/18/17,7/31/17,7/31/17,7/28/17,E18806,EVF9M,B00013YYS0,Burt's B,es Lemon Butter Cuticle Cream,4.4,24,EA,EA,BUR07199
4S5LSBAC,7/18/17,7/31/17,7/31/17,7/28/17,E18806,EVF9M,B0002XJZM4,Playt,x HandSaver Gloves: XL,4.48,24,EA,EA,HDS4221990
4S5LSBAC,7/18/17,7/31/17,7/31/17,7/28/17,E18806,EVF9M,B0005YX9PE,Spl,nda Sugar Substitute Packets 7 oz,7.65,12,EA,EA,DOT200032
4S5LSBAC,7/18/17,7/31/17,7/31/17,7/28/17,E18808,EVF9M,B00062N496,Pr,stige Babinski Telescoping Reflex Hammer,5.35,12,EA,EA,PRE24
4S5LSBAC,7/18/17,7/31/17,7/31/17,7/28/17,E18808,EVF9M,B00062N49G,Pr,stige Taylor Percussion Hammer with Blue Head,2.45,8,EA,EA,PRE25BLUE
4S5LSBAC,7/18/17,7/31/17,7/31/17,7/28/17,E18808,EVF9M,B000BO7AVC,Littl, Giant 3-Quart Enclosed Feed Scoop, Green,4.2,2,EA,EA,BCI956786
4S5LSBAC,7/18/17,7/31/17,7/31/17,7/28/17,E18808,EVF9M,B000BYU1AO,Sp,edball Calligraphy Flexible Pen Points #512, 12 Per Box (H9412),10.4,12,EA,EA,AVIH9412
4S5LSBAC,7/18/17,7/31/17,7/31/17,7/28/17,E18808,EVF9M,B000C4O7GC,Durapor, Medical Tape, Silk Tape - 1 in. x 10 yards - Each Roll,1.1,192,EA,EA,3M15381
4S5LSBAC,7/18/17,7/31/17,7/31/17,7/28/17,E18806,EVF9M,B000FQ5NNI,Th, Doctor's BrushPicks Toothpicks 15 Pack Keychain Dispenser(Colors May Vary),1.92,12,EA,EA,MED420000
4S5LSBAC,7/18/17,7/31/17,7/31/17,7/28/17,E18806,EVF9M,B000GCIAQS,Taro Clotrimazol, 7 Vaginal Cream 45 g,4.35,12,EA,EA,TAR200306
4S5LSBAC,7/18/17,7/31/17,7/31/17,7/28/17,E18806,EVF9M,B000GCLTVG,Duofilm Liquid Salicylic Acid Wart R,mover - 1/3 Oz,6.75,52,EA,EA,SCH025220
4S5LSBAC,7/18/17,7/31/17,7/31/17,7/28/17,E18806,EVF9M,B000GCOINM,Hydrocortison, Anti Itch Ointment, 1 Ounce,5,10,EA,EA,FOU001631
4S5LSBAC,7/18/17,7/31/17,7/31/17,7/28/17,E18806,EVF9M,B000GG0FP8,Hyland's Hom,opathic Migraine Headache Relief - 60 Tablets,6.2,24,EA,EA,HDS2266062
4S5LSBAC,7/18/17,7/31/17,7/31/17,7/28/17,E18806,EVF9M,B000GG15UM,FERREX 150 CAPS ***BRE Siz,: 10X10 UD,13,12,EA,EA,FER020311
4S5LSBAC,7/18/17,7/31/17,7/31/17,7/28/17,E18806,EVF9M,B000GG1S5O,Spl,nda No Calorie Sweetener 200 Packets,7.85,12,EA,EA,DOT200032
4S5LSBAC,7/18/17,7/31/17,7/31/17,7/28/17,E18806,EVF9M,B000GG7TE8,hollist,r Adapt Stoma Powder,8.3,6,EA,EA,REL122738
4S5LSBAC,7/18/17,7/31/17,7/31/17,7/28/17,E18806,EVF9M,B000GG7X7G,Quantum Lysin, Plus Lip Clear Coldstick for Cold Sore Treatment, 5 Gram,5.5,12,EA,EA,RDC10220770
4S5LSBAC,7/18/17,7/31/17,7/31/17,7/28/17,E18808,EVF9M,B000HHLPSW,All Purpos, Boot Cleaner & Conditioner, 8 oz,3.1,1,EA,EA,BCI446785
4S5LSBAC,7/18/17,7/31/17,7/31/17,7/28/17,E18808,EVF9M,B000JILUYI,Braun PC 200 Prob, Cover by Welch Allyn (Pack of 200),10.7,116,EA,EA,WEL05075800
4S5LSBAC,7/18/17,7/31/17,7/31/17,7/28/17,E18808,EVF9M,B000KNLRA4,Alvin Isom,tric Ellipse Guide Template (TD400),5.43,12,EA,EA,AVITD400
4S5LSBAC,7/18/17,7/31/17,7/31/17,7/28/17,E18806,EVF9M,B000P158OW,Bic Twin S,lect Silky Touch 10 ct,3.75,264,EA,EA,BIC91610
4S5LSBAC,7/18/17,7/31/17,7/31/17,7/28/17,E18806,EVF9M,B000Q8ISXM,OCuSOFT Lid Scrub Foam Plus, 1.68 fl oz (50ml),16.75,12,EA,EA,HDS2088177
4S5LSBAC,7/18/17,7/31/17,7/31/17,7/28/17,E18806,EVF9M,B000UUGZJU,Mission Pharmacal Th,ra-Gesic Penetrating Pain Relief Cream, 3 Ounce,4.35,12,EA,EA,MIS032003
4S5LSBAC,7/18/17,7/31/17,7/31/17,7/28/17,E18808,EVF9M,B000WZOJCI,Sombra Warm Th,rapy Natural Pain Relieving Gel, 8-Ounce,9.3,960,EA,EA,SOMSC080
4S5LSBAC,7/18/17,7/31/17,7/31/17,7/28/17,E18806,EVF9M,B000ZC0S5A,All,rgan Refresh Plus Lubricant Eye Drops, Value Size, 70 ct.,20.5,12,EA,EA,ALL403702
4S5LSBAC,7/18/17,7/31/17,7/31/17,7/28/17,E18806,EVF9M,B0011DQMNY,Compound W Wart R,mover One Step Pads for Plantar Warts-20ct,8.1,12,EA,EA,MED059550
4S5LSBAC,7/18/17,7/31/17,7/31/17,7/28/17,E18806,EVF9M,B00126LXNO,Gold Bond Cornstarch Plus Baby Powd,r 4 oz,4.73,120,EA,EA,CHA002304
4S5LSBAC,7/18/17,7/31/17,7/31/17,7/28/17,E18805,EVF9M,B0013U5PV0,Dynar,x Powder Free Vinyl Exam Gloves, X-Large, 100 Count,3.75,110,EA,EA,ROYPFV206XL
4S5LSBAC,7/18/17,7/31/17,7/31/17,7/28/17,E18806,EVF9M,B0017TNRIK,Hollist,r Adapt Lubricating Deodorant Packet, 50 Count,22.95,12,EA,EA,HOL78501
4S5LSBAC,7/18/17,7/31/17,7/31/17,7/28/17,E18808,EVF9M,B0019I3KT0,B,istle 034689128359 black Cowbell Noisemaker, One Size, Assorted,2.4,48,EA,EA,BEI60939-BK
4S5LSBAC,7/18/17,7/31/17,7/31/17,7/28/17,E18806,EVF9M,B001BJ6OCM,Blink T,ars Sterile Single Use Vials, 25 Count, 0.01 Fluid Ounce Each,10,170,EA,EA,AMO00325
4S5LSBAC,7/18/17,7/31/17,7/31/17,7/28/17,E18806,EVF9M,B001BKU6DO,Magn,sium Gluconate 500 Mg 90 Tb - From Windmill,5.4,36,EA,EA,WIN000322
4S5LSBAC,7/18/17,7/31/17,7/31/17,7/28/17,E18806,EVF9M,B001V9UQOE,MURO 128 5 P,rcent 0.0 TWIN PACK 2X1/8 OZ,31.5,12,EA,EA,BAU038556
4S5LSBAC,7/18/17,7/31/17,7/31/17,7/28/17,E18808,EVF9M,B002BZJ1RU,Glitt,red Flamingo Fanci-Frames Party Accessory (1 count) (1/Pkg),3.38,12,EA,EA,BEI603863
4S5LSBAC,7/18/17,7/31/17,7/31/17,7/28/17,E18808,EVF9M,B002KLWA78,W,lch Allyn Universal Kleenspec Pediatric Disposable Ear Specula for Diagnostic Otoscopes, 850 Count,26.35,10,EA,EA,WEL52432U
4S5LSBAC,7/18/17,7/31/17,7/31/17,7/28/17,E18806,EVF9M,B0031N08GE,B & D Lactin,x Lactobacillus Dietary Supplement Tablets, 50 Count,14.05,24,EA,EA,BEC236850
4S5LSBAC,7/18/17,7/31/17,7/31/17,7/28/17,E18806,EVF9M,B0039283FU,M,tamucil Sugar Free Original Smooth Texture Powder - 114 Doses, 23.3ounces,21.65,96,EA,EA,PRO741176
4S5LSBAC,7/18/17,7/31/17,7/31/17,7/28/17,E18808,EVF9M,B003FFITDW,Pr,stige Medical Taylor Percussion Hammer, Teal,2.4,20,EA,EA,PRE25TEAL
4S5LSBAC,7/18/17,7/31/17,7/31/17,7/28/17,E18806,EVF9M,B003H3OQTS,Imodium Advanc,d Multi-Symptom Relief Caplets 18 ea,9,156,EA,EA,HDS2171130
4S5LSBAC,7/18/17,7/31/17,7/31/17,7/28/17,E18806,EVF9M,B003JTA65S,FLA Orthop,dics Prolite Neoprene Pull on Thumb Support, Black, Medium,12.61,10,EA,EA,FLA54498
4S5LSBAC,7/18/17,7/31/17,7/31/17,7/28/17,E18808,EVF9M,B003VVXUU2,Tac M,d Solutions Olaes Modular Bandage, 6 Inch,7.2,16,EA,EA,TACOAL6
4S5LSBAC,7/18/17,7/31/17,7/31/17,7/28/17,E18806,EVF9M,B00411H8WC,R,fresh Celluvisc Lubricant Eye Gel Single-use Containers 30 Ea,11.95,24,EA,EA,ALL455430
4S5LSBAC,7/18/17,7/31/17,7/31/17,7/28/17,E18806,EVF9M,B004AI9234,Williams Mug Shaving Soap, 3 Count,5.09,19,EA,EA,COM023033
4S5LSBAC,7/18/17,7/31/17,7/31/17,7/28/17,E18806,EVF9M,B004CXBLAO,H,althcare Mag-Ox 120 EA 400 Magnesium Tablets,14.23,132,EA,EA,HIT049412
4S5LSBAC,7/18/17,7/31/17,7/31/17,7/28/17,E18806,EVF9M,B004FI3QBI,AQUADEKS Ch,wable Tablets Multi-Vitamins & Mineral Supplement, 60 Count,38.07,10,EA,EA,AXC001460
4S5LSBAC,7/18/17,7/31/17,7/31/17,7/28/17,E18806,EVF9M,B004FNKHO2,Cortizon,-10 Intensive Healing Lotion Eczema 3.50 oz,7.95,48,EA,EA,CHA03310
4S5LSBAC,7/18/17,7/31/17,7/31/17,7/28/17,E18808,EVF9M,B004IMJO8U,Pigma Sakura of Am,rica Micron 005 Pen, 0.20mm, Orange,2.55,1,EA,EA,AVIXSDK005-05
4S5LSBAC,7/18/17,7/31/17,7/31/17,7/28/17,E18806,EVF9M,B004SCT85E,Badg,r - Sunscreen All Natural Insect Repellent Cream Water Resistant Anti-Bug 34 SPF -2.9 oz.,12.1,12,EA,EA,WSB473001
4S5LSBAC,7/18/17,7/31/17,7/31/17,7/28/17,E18808,EVF9M,B004URYB7W,Atlas 772 L Nitril, Chemical Resistant Gloves (1-Pair), 25", Yellow,9.75,12,EA,EA,SHO772L
4S5LSBAC,7/18/17,7/31/17,7/31/17,7/28/17,E18806,EVF9M,B005X9IUB4,Scandishak, Weight Gain Instant Shake Mix Powder, Vanilla, 3 Ounce Packet - Box of 4,8.4,12,EA,EA,AXC080044
4S5LSBAC,7/18/17,7/31/17,7/31/17,7/28/17,E18806,EVF9M,B007O3D468,Trojan Naturalamb (3 Lubricat,d Natural Skin Condoms),6.85,12,EA,EA,CHU098050
4S5LSBAC,7/18/17,7/31/17,7/31/17,7/28/17,E18808,EVF9M,B007R5M7V6,G,neral Cure Powder Packet,9.8,7,EA,EA,BCI3160152
4S5LSBAC,7/18/17,7/31/17,7/31/17,7/28/17,E18806,EVF9M,B0089QD9WI,Badg,r Certified Natural Broad Spectrum Sunscreen SPF 30, Unscented, 2.9 Fluid Ounce,12.18,3,EA,EA,RDC10667830
4S5LSBAC,7/18/17,7/31/17,7/31/17,7/28/17,E18806,EVF9M,B0089S02TO,Systan, Contact Lube Size .41z,9.4,12,EA,EA,ALC190930
4S5LSBAC,7/18/17,7/31/17,7/31/17,7/28/17,E18805,EVF9M,B008YKLX5O,Dixi, EMS Blood Pressure and Sprague Stethoscope Kit,13,250,EA,EA,422208PUR
4S5LSBAC,7/18/17,7/31/17,7/31/17,7/28/17,E18806,EVF9M,B009K6Z4SI,Advil Migrain, - 80 Liquid Filled Capsules,11.3,24,EA,EA,HDS3530169
4S5LSBAC,7/18/17,7/31/17,7/31/17,7/28/17,E18806,EVF9M,B009LRVC0K,Oraquick HIV T,st in Home,34,20,EA,EA,ORA10340
4S5LSBAC,7/18/17,7/31/17,7/31/17,7/28/17,E18808,EVF9M,B009MRGV4G,Copic Mark,r Sketchbook, 5 x 7" 50 Sheets (SKBK5X7),6.5,12,EA,EA,AVISKBK5X7
4S5LSBAC,7/18/17,7/31/17,7/31/17,7/28/17,E18806,EVF9M,B00ANL4W50,BC Aspirin Fast Pain R,lief Powder - Arthritis Formula - Temporarly Relieves Minor Arthritis Pain - Contains Caffeine - 50 Powders,6.51,72,EA,EA,HDS1887363
4S5LSBAC,7/18/17,7/31/17,7/31/17,7/28/17,E18806,EVF9M,B00ANL4WKK,BC Aspirin Fast Pain R,lief Powder - Quickly Relieves Pain Due to Headaches, Body Aches, and Fever - Contains Caffeine - 50 Powders,6.39,36,EA,EA,HDS1101120
4S5LSBAC,7/18/17,7/31/17,7/31/17,7/28/17,E18806,EVF9M,B00B6QWZPU,TRUEplus St,rile Lancets 28 gauge (100-ct) by Nipro (100 Lancets (100 Per Box)),2.25,10,EA,EA,HOM00022
4S5LSBAC,7/18/17,7/31/17,7/31/17,7/28/17,E18805,EVF9M,B00BTIUFYS,Dixi, EMS Blood Pressure and Sprague Stethoscope Kit, Pink,14,75,EA,EA,422208PK
4S5LSBAC,7/18/17,7/31/17,7/31/17,7/28/17,E18806,EVF9M,B00C5RKBVO,Halls D,fense Antioxidants Drops, Pomegranate Berry, 17 Count,2.8,20,EA,EA,UNI63018
4S5LSBAC,7/18/17,7/31/17,7/31/17,7/28/17,E18808,EVF9M,B00C69I6AO,B,istle Jointed Scratch Cat, 20-1/2-Inch,3,24,EA,EA,BEI011774
4S5LSBAC,7/18/17,7/31/17,7/31/17,7/28/17,E18806,EVF9M,B00C6WT14G,Thick-it Original Instant Food Thick,ners, 36 Ounce : 1 Each,14.75,12,EA,EA,PRE004076
4S5LSBAC,7/18/17,7/31/17,7/31/17,7/28/17,E18806,EVF9M,B00CHLFWGM,GE100 T,st Strips 50ct,8.54,18,EA,EA,RDC10279859
4S5LSBAC,7/18/17,7/31/17,7/31/17,7/28/17,E18805,EVF9M,B00EUBHHD8,Dixi, EMS Blood Pressure and Sprague Stethoscope Kit, Black,14,375,EA,EA,422208
4S5LSBAC,7/18/17,7/31/17,7/31/17,7/28/17,E18808,EVF9M,B00FGKWRIC,W,lch Allyn 73910 Charging Station for Cordless Illuminator,118.22,4,EA,EA,WEL73910
4S5LSBAC,7/18/17,7/31/17,7/31/17,7/28/17,E18805,EVF9M,B00FMEOJG0,Ev,r Ready First Aid Instant Cold Pack, 4.5 x7 Inch, 24 Count,6,88,EA,EA,1000085
4S5LSBAC,7/18/17,7/31/17,7/31/17,7/28/17,E18806,EVF9M,B00FPTF5ZG,Accu Ch,k Smartview Normal Control Solution, 2.5 ml,5.8,6,EA,EA,ROC048810
4S5LSBAC,7/18/17,7/31/17,7/31/17,7/28/17,E18806,EVF9M,B00FW2BR0S,M,dline Remedy Skin Repair Cream with Olivamine, 4 Ounce,6.19,108,EA,EA,HDS2085116
4S5LSBAC,7/18/17,7/31/17,7/31/17,7/28/17,E18806,EVF9M,B00GNS68OA,Badg,r Balm Zinc Oxide Sunscreen Cream - SPF 30 - Chamomile & Calendula - 2.9 oz,10.95,8,EA,EA,WSB447500
4S5LSBAC,7/18/17,7/31/17,7/31/17,7/28/17,E18806,EVF9M,B00IGGZA00,Sundown Naturals Vitamin Suppl,ment High Potency Vitamin C 1000 mg - 300 Caplets,15.75,12,EA,EA,NAT025052
4S5LSBAC,7/18/17,7/31/17,7/31/17,7/28/17,E18806,EVF9M,B00J4TDZX2,Z,asorb Excess Moisture 2.5 Oz (Pack of 2),8.1,12,EA,EA,RDC63111009
4S5LSBAC,7/18/17,7/31/17,7/31/17,7/28/17,E18806,EVF9M,B00JGU5CB2,Icy Hot Smart Back and Hip R,fill Pads (2 pads),13.2,12,EA,EA,RDC10663425
4S5LSBAC,7/18/17,7/31/17,7/31/17,7/28/17,E18806,EVF9M,B00K7RQ1KE,Caltrat, Minis + Minerals Size 150ct Caltrate Minis + Minerals 150ct,13.7,12,EA,EA,HDS5469523
4S5LSBAC,7/18/17,7/31/17,7/31/17,7/28/17,E18806,EVF9M,B00KCEKKPO,K-Y J,lly Personal Water Based Lubricant - 4 oz,4.35,140,EA,EA,JJ008912
4S5LSBAC,7/18/17,7/31/17,7/31/17,7/28/17,E18805,EVF9M,B00MJLIW4O,Sp,ctra Baby USA All New Spectra 9 Plus Advanced Electric Breast Pump with Rechargeable Battery, 3.3 Pound,125.85,4,EA,EA,SPESPS900
4S5LSBAC,7/18/17,7/31/17,7/31/17,7/28/17,E18806,EVF9M,B00O08UXMS,Exc,drin PM Headache Caplets-24 ct,4.5,13,EA,EA,NOV05624
4S5LSBAC,7/18/17,7/31/17,7/31/17,7/28/17,E18806,EVF9M,B00O19G14K,Summ,r's Eve Cleansing Cloth Simply Sensitive, 3 Count,7.52,12,EA,EA,FLE087110
4S5LSBAC,7/18/17,7/31/17,7/31/17,7/28/17,E18806,EVF9M,B00RENOWXM,Summ,r's Eve Night-Time Cleansing Wash, Lavender, 12 Ounce,4.5,96,EA,EA,FLE002577
4S5LSBAC,7/18/17,7/31/17,7/31/17,7/28/17,E18806,EVF9M,B00S4RT9WG,Nizoral A-D Anti-Dandruff Shampoo - 7.0 oz,16.75,36,EA,EA,JJ089507
4S5LSBAC,7/18/17,7/31/17,7/31/17,7/28/17,E18805,EVF9M,B00UVAH192,Ev,r Ready First Aid Self Adherent Cohesive Bandages, Rainbow, 18 Count,14.5,4,EA,EA,0300072C
4S5LSBAC,7/18/17,7/31/17,7/31/17,7/28/17,E18806,EVF9M,B00XJKL33G,Hair Off Hair R,mover Mitten 3-N-1,5.8,12,EA,EA,HDS1596089
4S5LSBAC,7/18/17,7/31/17,7/31/17,7/28/17,E18806,EVF9M,B0108BCZIU,ConvaT,c 37444 Allkare Protective Barrier Wipes By Convatec  (Pack of 100),18.66,24,EA,EA,RDC10036242
4S5LSBAC,7/18/17,7/31/17,7/31/17,7/28/17,E18808,EVF9M,B010PD5XQM,Dixi, Ems Colored Disposable Penlight with Pupil Gauge, 6 Count,3.75,20,EA,EA,1800037-C
4S5LSBAC,7/18/17,7/31/17,7/31/17,7/28/17,E18808,EVF9M,B014SMI8GI,W,lch Allyn REUSE-10-1TP FlexiPort Reuseable Blood Pressure Cuffs with One-Tube, Tri-Purpose Connectors, Small Adult, Size 10,21.33,1,EA,EA,WELREUSE-10-1TP
4S5LSBAC,7/18/17,7/31/17,7/31/17,7/28/17,E18808,EVF9M,B014SN3QAK,W,lch Allyn DS44-11 Gauge with Durable One Piece Cuff, Adult,44.21,1,EA,EA,WELDS4411
4S5LSBAC,7/18/17,7/31/17,7/31/17,7/28/17,E18806,EVF9M,B015OAOFZQ,EOS D,licate Petals Body Lotion, Berry Blossom, 11.8 Ounce,6.23,21,EA,EA,HDS5496906
4S5LSBAC,7/18/17,7/31/17,7/31/17,7/28/17,E18806,EVF9M,B015QMLYY2,Advil Sinus Cong,stion & Pain Reliever Coated Tablets, 20 Count,8.75,36,EA,EA,HDS5485875
4S5LSBAC,7/18/17,7/31/17,7/31/17,7/28/17,E18805,EVF9M,B019HZR2N6,M,trex 10-2800 MetriCide 28 High-Level Disinfectant/Sterilant, 1 gal Capacity,20.49,4,EA,EA,MET2800
4S5LSBAC,7/18/17,7/31/17,7/31/17,7/28/17,E18805,EVF9M,B01A0UK4DM,Crosst,x 19100 Dental Dam, Latex, Unflavored, Medium Gauge, 5" x 5" Size, Blue (Pack of 52),11.24,8,EA,EA,CRO19100
4S5LSBAC,7/18/17,7/31/17,7/31/17,7/28/17,E18805,EVF9M,B01A0UK52M,Crosst,x 19202 Dental Dam, Latex, Mint Flavor, Thin Gauge, 5" x 5" Size, Green (Pack of 52),11.24,12,EA,EA,CRO19202
4S5LSBAC,7/18/17,7/31/17,7/31/17,7/28/17,E18805,EVF9M,B01CJU0U9E,PDI H,althcare D41900 Castile Soap Towelette, 2% Coconut Oil (Pack of 1000),31.58,50,EA,EA,0100099
4S5LSBAC,7/18/17,7/31/17,7/31/17,7/28/17,E18808,EVF9M,B01CJU0YF4,Hyg,a Washcloths Multi-Purpose, Solo Softpack, 12 x 8 Inch, J14108 (Case of 540),24.5,12,EA,EA,PDIJ14108
4S5LSBAC,7/18/17,7/31/17,7/31/17,7/28/17,E18806,EVF9M,B01IN5GHWI,Taro Clotrimazol, 7 Vaginal Cream 45 g ( Pack of 3),13.31,12,EA,EA,TAR200306
4S5LSBAC,7/18/17,7/31/17,7/31/17,7/28/17,E18806,EVF9M,B01IPN8UC8,Balm,x Diaper Rash Cream, 4 Count,18.42,117,EA,EA,CHA002670
4S5LSBAC,7/18/17,7/31/17,7/31/17,7/28/17,E18806,EVF9M,B01J1221VS,Av,eno Baby Soothing Bath Treatment Packets Eczema Therapy, 5 Count,5.93,336,EA,EA,JJ003662
7A6ROG1M,7/18/17,7/31/17,7/31/17,7/28/17,E18824,EVF9M,B00014D0A2,Lily Of Th, Desert - Aloe Vera Gelly Tube, 4 fl oz gel,5.79,12,EA,EA,THRLI0012
7A6ROG1M,7/18/17,7/31/17,7/31/17,7/28/17,E18824,EVF9M,B00014DRA0,Natur,s Way - Black Cohosh (Standardized), 40 mg, 60 Tablets,6.5,12,EA,EA,THRNW0843
7A6ROG1M,7/18/17,7/31/17,7/31/17,7/28/17,E18824,EVF9M,B00029F4TQ,Hawthorn Standardiz,d Extract - 90 - Capsule,9.15,12,EA,EA,THRNW0819
7A6ROG1M,7/18/17,7/31/17,7/31/17,7/28/17,E18824,EVF9M,B0015C5OXU,BHI Sinus R,lief Tablets 100 Ct,7.75,12,EA,EA,THRBZ0021
7A6ROG1M,7/18/17,7/31/17,7/31/17,7/28/17,E18824,EVF9M,B001CMZB4U,Quantum Sup,r Lysine, 180 Tabs, 1 Bottle,11.2,252,EA,EA,THRQU0024
7A6ROG1M,7/18/17,7/31/17,7/31/17,7/28/17,E18824,EVF9M,B001EBSRDG,Tony Chach,re's Creole Gumbo File' - 1.25 oz,2.79,12,EA,EA,KEH00051575
7A6ROG1M,7/18/17,7/31/17,7/31/17,7/28/17,E18824,EVF9M,B005P0X2Q4,D,sert Essence Natural Tea Tree Oil and Neem Toothpaste, 176g (6.25 OZ),4.3,14,EA,EA,THRDE0123
7A6ROG1M,7/18/17,7/31/17,7/31/17,7/28/17,E18824,EVF9M,B006HIY39I,Wowbutt,r Creamy Butter 17.6oz,4.35,102,EA,EA,KEH01616952
7A6ROG1M,7/18/17,7/31/17,7/31/17,7/28/17,E18824,EVF9M,B00B7UZF6G,Pr,serve Adult Soft Toothbrush with Mailer Assorted Colors,2.24,24,EA,EA,KEH00126803
7A6ROG1M,7/18/17,7/31/17,7/31/17,7/28/17,E18824,EVF9M,B00GRPGLUU,M,diNatura T-Relief Pain Relief Ointment 3.53 Ounce Ointment,14.5,12,EA,EA,THRHJ0010
7A6ROG1M,7/18/17,7/31/17,7/31/17,7/28/17,E18824,EVF9M,B00O7UCA2U,Big,low Tea 1x Salted Caramel Tea, 0.25 Pound,3.52,6,EA,EA,KEH00145142
7A6ROG1M,7/18/17,7/31/17,7/31/17,7/28/17,E18824,EVF9M,B00O9A1Q5K,Earthkind Stay Away, Spid,r Repellent, 2.5 Ounce,3.57,8,EA,EA,KEH00007131
