102110K10           |_|IV START KIT W/TEGADERM &TAPE EXT  |_|7/25/2018
144102              |_|OXYGEN REGULATOR 0-25LPM BRASS     |_|7/30/2018
1600088K            |_|GOWN AND CAP SET                   |_|7/25/2018
ACCG3624W           |_|Quartet Glass Dry Erase Board, Whit|_|7/31/2018
ACCW363-34-1797PP   |_|Wilson Jones Heavy Duty Round Ring |_|7/30/2018
ADC4073D            |_|LARYNG BLADE DISP MAC #3           |_|7/31/2018
ADC4074D            |_|LARYNG BLADE DISP MAC #4           |_|7/31/2018
ADC60006BK          |_|ADC MUSHROOM STETHOSCOPE EAR TIPS  |_|7/24/2018
ALL33239G           |_|7' SURE FLOW TUBING W/ ADULT CANNUL|_|7/27/2018
ALL64060AHP         |_|ADULT NON REBREATHER MASK          |_|7/27/2018
ALLL270250          |_|O2 REG 870 0-25LPM W/BARB LSP BRASS|_|7/27/2018
ALLL270260          |_|O2 REG 870 0-15LPM W/BARB LSP BRASS|_|7/27/2018
AMB174000701        |_|AMBU CPR PAL HEAD BAGS             |_|7/24/2018
ANTISEPTICKIT       |_|ANTISEPTIC KIT                     |_|7/30/2018
ASPIRINKIT          |_|ASPIRIN KIT                        |_|7/30/2018
AVI2133-1           |_|ALUMICOLOR 24" T Square Standard Ru|_|7/30/2018
BANDAGESKIT         |_|BANDAGESKIT                        |_|7/30/2018
BARRIERKIT          |_|BODY FLUID BARRIER KIT             |_|7/30/2018
BCI010203           |_|Bloem Rolling Plant Stand Caddie Sa|_|7/30/2018
BCI030474           |_|Four Paws Magic Coat Gentle Slicker|_|7/31/2018
BCI032052           |_|ZenPet Pro Collar Comfy Pet E-Colla|_|7/30/2018
BCI054282           |_|PRO PAC, Nut'R'Nipz, 2 Pound Bag   |_|7/24/2018
BCI068205           |_|Mrs. Wages Zesty Bread & Butter Pic|_|7/30/2018
BCI068206           |_|Mrs. Wages Hot Spicy Pickle Canning|_|7/30/2018
BCI068263           |_|Pyranha 001ZEROG 068263 Zero-Bite N|_|7/26/2018
BCI075010           |_|Banixx Pet Care for Fungal & Bacter|_|7/26/2018
BCI079506           |_|Sun Seed Company SSS40060 Sunscript|_|7/30/2018
BCI084011           |_|Uncle Jimmys  Hanging Balls - Apple|_|7/30/2018
BCI087315           |_|Absorbent Products Inc. FRESH COOP |_|7/30/2018
BCI118492           |_|Tropical Carnival F.M. Brown's Natu|_|7/30/2018
BCI179536           |_|Kaytee Exact Hand Feeding for Baby |_|7/30/2018
BCI276513           |_|Zilla  Incandescent Bulb, Day White|_|7/30/2018
BCI313031           |_|Farnam 100502415 Tri-care Wound Tre|_|7/30/2018
BCI442344           |_|Lambert Kay Fresh 'N Clean Cologne |_|7/30/2018
BCI464355           |_|Miller Manufacturing P8FBBLUE Plast|_|7/30/2018
BCI464359           |_|LITTLE GIANT Black DuraTote Tote Bo|_|7/30/2018
BCI484448           |_|Hi-Tor Neo Diet For Cats 24/5.5-oz |_|7/31/2018
BCI491337           |_|Nylabone Advanced Oral Care Peanut |_|7/30/2018
BCI551033           |_|W F YOUNG 427947 Bigeloil 14 oz LIQ|_|7/24/2018
BCI554109           |_|Farnam SuperMask II Horse Fly Mask |_|7/30/2018
BCI554112           |_|Farnam SuperMask II Classic Horse F|_|7/30/2018
BCI571888           |_|Marshall Premium Ferret Diet Senior|_|7/30/2018
BCI597294           |_|Starbar Fly Trap Attractant Refill |_|7/31/2018
BCI602744           |_|Zoo Med  Reptile Cage Carpet for 10|_|7/30/2018
BCI603162           |_|Zoo Med Daylight Blue Reptile Bulb |_|7/30/2018
BCI604580           |_|Zoo Med  Tropic Sun 5500K 24" Dayli|_|7/30/2018
BCI679604           |_|Zoo Med Laboratories - Cage Carpet |_|7/30/2018
BCI679650           |_|Zoo Med Tag Mopani Wood            |_|7/30/2018
BCI679653           |_|Zoo Med  Natural Cork Bark Flat, Sm|_|7/30/2018
BCI680033           |_|Pure Fun Bird Food for Parrots & Co|_|7/26/2018
BCI680035           |_|Sensible Seed Bird Food for Small B|_|7/30/2018
BCI680042           |_|Real Rewards Orchard Mix Large Bird|_|7/30/2018
BCI971673           |_|API  Pond Care Aquatic Plant Food, |_|7/30/2018
BCI972059           |_|Tetra Fungus Guard Tablets - 24 Tab|_|7/30/2018
BCI972418           |_|API  Betta Water Conditioner, 1.7 O|_|7/30/2018
BRO262R_PINK_6V     |_|Best Ride on Cars 262R 6V Princess |_|7/30/2018
BRO631R_6V_BLACK    |_|Best Ride on Cars 631R 6V Kids Thun|_|7/30/2018
BRO631R_6V_RED      |_|Best Ride on Cars 631R 6V Kids Thun|_|7/30/2018
BRP331979           |_|SCREW                              |_|7/30/2018
BSN102231           |_|BSN Medical 102231 Jobst Bella Stro|_|7/30/2018
BSN113151           |_|JOBST forMen Casual 15-20 mmHg Knee|_|7/30/2018
BSN115223           |_|115223 Jobst Opaque Compression Hos|_|7/31/2018
BSN115277           |_|BSN Medical 115277 JOBST Opaque Com|_|7/31/2018
BSN115403           |_|JOBST forMen Thigh High 20-30 mmHg |_|7/31/2018
BSN115514           |_|BSN Medical/Jobst 115514 for Men Co|_|7/31/2018
BSNH3543            |_|Activa Mens Compression Dress Socks|_|7/30/2018
BUSTL48440300       |_|COVER                              |_|7/24/2018
CALMPOVB08          |_|BOTTLE SAFETY CAP 80'S             |_|7/26/2018
CARU2100            |_|URINOMETER 1.000-1.060             |_|7/30/2018
CEN00806318         |_|Aqueon Coral Aquarium Plant, 11-Inc|_|7/24/2018
CEN04100309         |_|Cat Mate 4 Way Locking Cat Flap, Wh|_|7/30/2018
CEN32505631         |_|Hikari 10.5-Ounce Oranda Gold Float|_|7/30/2018
CEN44800084         |_|Marshall 4-Ounce Small Animal Ear C|_|7/30/2018
CEN45090599         |_|Aquaria Food Prem Algae Wafer 3.5Z |_|7/30/2018
CEN53244033         |_|Natural Balance Dog Food Roll, Duck|_|7/24/2018
CEN54505678         |_|Pen Plax RR553 Mini Cannon Aquarium|_|7/30/2018
CEN70020016         |_|Quiko Intensive Red with Canthaxant|_|7/30/2018
CEN78802014         |_|Tuffy Ocean Creature Lobster       |_|7/31/2018
COOG01987           |_|TPN DOUBLE LUMEN CATHETER REPAIR ST|_|7/31/2018
COOG04497           |_|PEEL-AWAY INTRODUCER SHEATH SET    |_|7/31/2018
COOG47944           |_|MICROPUNCTURE TRANSITIONLESS ACCESS|_|7/31/2018
COSBOWMTS4          |_|Geoffrey Beene Bowling Green By Geo|_|7/30/2018
COSCARMTS33N        |_|Herrera By Carolina Herrera For Men|_|7/31/2018
COSPCCC45           |_|CONTACTOR MAGNETIC                 |_|7/24/2018
COSRWTS14           |_|SENSOR                             |_|7/24/2018
COUFEL52124         |_|Fellowes Binding Grain Presentation|_|7/30/2018
CRAM5023            |_|SAVIOR7 PRO COMBAT TRAUMA SYSTEM W/|_|7/27/2018
CRAM5023BAP         |_|TACTICAL BLACK W/ M4L ARMOR        |_|7/27/2018
CRAM5023H           |_|H7 VIEW[ACK PRO MINI MODULE        |_|7/27/2018
CRAM5023M           |_|TACTICAL BLACK W/ 3 G7 + 2 H7 MODS |_|7/27/2018
CRAM5023MBAP        |_|TACTICAL BLACK W/ 5 Mods+ M4L ARMOR|_|7/27/2018
DRA6809190          |_|PROBE,GAS                          |_|7/30/2018
ECO92351022         |_|DISPENSER SOAP                     |_|7/30/2018
EMW0008122          |_|Eureka Genuine EF-6 HEPA Vacuum Fil|_|7/30/2018
EMW0010042          |_|Bissell Lift-Off Vacuum Bag Style 7|_|7/24/2018
EMW0012006          |_|Mr. Coffee BVMC-TP1 2-Quart Replace|_|7/30/2018
EMW0012616          |_|Dirt Devil Type F1 HEPA Vacuum Filt|_|7/30/2018
EMW0013127          |_|madesmart Value Mini Silverware Tra|_|7/30/2018
EMW0112678          |_|SWIFT RESPONSE LFSBLKR32 32 oz Flex|_|7/24/2018
EMW0451908          |_|Klean-Strip VM&P Naphtha P P       |_|7/24/2018
EMW1160362          |_|Krylon K05125500 ColorMaster Paint |_|7/30/2018
EMW1186141          |_|JED Pool Tools 80-219 Inc 80-219 Va|_|7/31/2018
EMW1602837          |_|Leviton 689-W 15 Amp 1-Gang Recesse|_|7/30/2018
EMW1603914          |_|Leviton 515PR 15 Amp 125 Volt, Stra|_|7/30/2018
EMW1605097          |_|Leviton 1406 660 Watt, 125 Volt, Tw|_|7/30/2018
EMW1608134          |_|Leviton 3W102-E 2-Pole 3-Wire Groun|_|7/30/2018
EMW1608703          |_|Velcro 90200 2" X 4" White Industri|_|7/30/2018
EMW1620363          |_|Titebond III Wood Glue 4 oz        |_|7/30/2018
EMW1700383          |_|Goddard's Cabinet Makers Fine Wax S|_|7/30/2018
EMW3110541          |_|Elmer's E892 Stainable Wood Filler |_|7/30/2018
EMW3244113          |_|RUST-OLEUM 262074 Varathane Polyure|_|7/30/2018
EMW3530124          |_|Rutland Products 76C 500-Degree RTV|_|7/31/2018
EMW5051762          |_|Stanley 16-329 3/4-Inch X 12-Inch F|_|7/31/2018
EMW7050143          |_|M-D 02311 1/2" X 10' Gray Waterproo|_|7/30/2018
EMW7274866          |_|Command Refill Strips, White, 8 Sma|_|7/31/2018
EMW8914435          |_|24PK 1-1/2 WHT Chair Cup           |_|7/24/2018
EMW9000488          |_|CTX Piping Not Available Black Cast|_|7/24/2018
ESS0018176          |_|Bona 1 gal Professional Hardwood Cl|_|7/30/2018
ESS02936CT          |_|Dial 02936CT Antibacterial Foaming |_|7/30/2018
ESS110LONG          |_|Scotch Indoor Mounting Tape, 0.75-i|_|7/30/2018
ESS12514CT          |_|Crystal Geyser Alpine Spring Water,|_|7/30/2018
ESS1951260          |_|Paper Mate InkJoy 300RT Retractable|_|7/30/2018
ESSAC92919          |_|Lysol Automatic Toilet Bowl Cleanin|_|7/30/2018
ESSCSM11BK          |_|BIC Clic Stic Retractable Ball Pen,|_|7/30/2018
ESSFAE3001          |_|First Aid Only, Inc FAE3001 Fabric |_|7/30/2018
ESSIC30218          |_|Officemate 30218 Metal Pencil Sharp|_|7/30/2018
ESSMD64873          |_|Smead Steel Hanging Folder Frame, L|_|7/30/2018
ESSNV08607          |_|Recycled Cubicle Coat Hook, 2 Hook,|_|7/30/2018
ESSNV35615          |_|Universal Scratch Pads, Unruled, 5"|_|7/30/2018
ESSNV54051          |_|Universal Economy Bookends, Standar|_|7/30/2018
ESSNV54055          |_|Innovera Universal Economy Bookends|_|7/30/2018
ESSP2204BE          |_|Boise MP2204-BE FIREWORX Colored Pa|_|7/30/2018
ESSP2204CY          |_|Boise MP2204CY FIREWORX Colored Pap|_|7/30/2018
ESSPC05252          |_|Fabuloso 04373 1 Gallon Ocean Parad|_|7/30/2018
ESSPC48260          |_|Georgia-Pacific 48260 GP ActiveAire|_|7/30/2018
ESSPC54527          |_|Georgia-Pacific 54527 Dixie Ultra B|_|7/30/2018
ESSRTBFEB3          |_|Quartet Eraser, Premium, 3-In-1, Wh|_|7/31/2018
ESSSK93705          |_|AT-A-GLANCE Compact Monthly Desk Pa|_|7/24/2018
ESSST22111          |_|Xstamper(R) Refill Ink, Red        |_|7/30/2018
ESSVR51442          |_|Innovera 51442 Gel Mouse Wrist Rest|_|7/30/2018
ESSXF40282          |_|Oxford Spiral Ruled Index Cards, 3 |_|7/26/2018
EVOC12BK            |_|EVERONE BLACK PULSE OXIMETER       |_|7/30/2018
EVOIG2401           |_|ISOLATION GOWN FLUID RESIST YELLOW |_|7/30/2018
EVOVR1150           |_|VACUUM ROLL 11X50, 2 PACK          |_|7/30/2018
EVOVR850            |_|VACUUM ROLL 8X50,  2 PACK          |_|7/30/2018
FAUBB00661          |_| Blue Buffalo Mini Blue Bars Bluebe|_|7/30/2018
FAUCS12230          |_|Buddy Cloud Star Itty Bitty Biscuit|_|7/30/2018
FAUCS77900          |_|Cloud Star Wag More Bark Less Soft |_|7/30/2018
FAUPG13137          |_|Zignature Whitefish Formula Dog Foo|_|7/30/2018
FER1901237          |_|FERNO WHEEL & CASTER NO LOCK       |_|7/25/2018
FER1901238          |_|FERNO WHEEL & CASTER WITH LOCK     |_|7/25/2018
FLOHBD2             |_|#HBD2  RESIDENT NIPPLE ADAPTER W/  |_|7/31/2018
FRE31128F           |_|BOTTLE,SCREW CAP                   |_|7/24/2018
GET61301605592      |_|LUBRICANT SURGICAL                 |_|7/31/2018
GET61301607810      |_|HOSE                               |_|7/25/2018
HDS1021930          |_|SIMPLY SALINE W/WASH 210ML         |_|7/24/2018
HDS1333954          |_|GoodSense Stool Softener Softgels, |_|7/30/2018
HDS2369809          |_|Scott Bath Tissue, 1-Ply, 12 Rolls |_|7/30/2018
HDS2550739          |_|Nivea Hydrating Shower Gel, Acai Be|_|7/30/2018
HDS5577374          |_|GenTeal Tears Lubricant Eye Drops, |_|7/30/2018
KEH00008590         |_|Crunchmaster 7 Ancient Grains Crack|_|7/30/2018
KEH00045336         |_|Penta Purified Drinking Water, 16.9|_|7/30/2018
KEH00057653         |_|Pocono Organic Cream of Buckwheat C|_|7/30/2018
KEH00060473         |_|Glass Tabasco Bloody Mary Mix, Extr|_|7/30/2018
KEH00068390         |_|cooksimple All Natural Mix Cowboy C|_|7/30/2018
KEH00083266         |_|Badia Complete Seasoning, 1.75-poun|_|7/30/2018
KEH00112135         |_|Nature's Way Primadophilus Reuteri,|_|7/30/2018
KEH00194407         |_|Bob's Red Mill, Vital Wheat Gluten |_|7/30/2018
KEH00262242         |_|DERMA E Purifying Gel Cleanser With|_|7/30/2018
KEH00265195         |_|Bitsy's Smart Cookies, Gingerbread |_|7/30/2018
KEH00312165         |_|N.WAY	PRIMADOPHLS REUTERI 5OZ PWDR |_|7/30/2018
KEH00507715         |_|Simply Organic, Garlic Salt, 4.7 oz|_|7/30/2018
KEH00510009         |_|Weiman Silver Polish, Tarnish Preve|_|7/30/2018
KEH00642959         |_|Celestial Seasonings Wild Berry Zin|_|7/30/2018
KEH00908202         |_|Newman's Own Organic Mints, Winter |_|7/30/2018
KEH01037951         |_|Dr. Venessa's Formulas Sugar Balanc|_|7/30/2018
KEH01127695         |_|Clif Bar, Builder Bar, Vanilla Almo|_|7/30/2018
KEH01274083         |_|Nature's Path Organic Gluten-Free C|_|7/30/2018
KEH01377845         |_|Bob's Red Mill Beans Cranberry, 27-|_|7/30/2018
KEH01547066         |_|method Squirt + Mop Wood Floor Clea|_|7/30/2018
KEH01709005         |_|The Wu Yi Tea Company Tea Skny Latt|_|7/30/2018
KEH01970631         |_|DERMA E Anti-Wrinkle Renewal Cream |_|7/30/2018
KER00015504         |_|Grab Green Liquid Dish Soap Tangeri|_|7/30/2018
KER00074648         |_|Knox Gelatine Original - 4 CT      |_|7/30/2018
KER0028015          |_|All Natural NOH Chinese Barbecue Ch|_|7/30/2018
KER0207277          |_|Salada Pure White Tea, 40-Count Pac|_|7/30/2018
KER0303333          |_|NATURE NATES - HONEY VANILLA INFUSE|_|7/31/2018
KER0308413          |_|Bare Bones Beef Bone Broth - 100% G|_|7/30/2018
KIN128793           |_|Natural Dentist Healthy Teeth and G|_|7/30/2018
KIN352674           |_|Hask Shampoo Keratin Protein Smooth|_|7/30/2018
KIN406648           |_|Enzymatic Therapy DGL, Licorice Fla|_|7/30/2018
KIN519252           |_|TheraBand Resistance Tubes with Sof|_|7/30/2018
KIN528129           |_|Phazyme Gas and Acid Relief Chewabl|_|7/30/2018
KIN594820           |_|Futuro Deluxe Wrist Stabilizer, Hel|_|7/30/2018
KIN631238           |_|Johnson's Bedtime Hypoallergenic Lo|_|7/30/2018
KIN757971           |_|Pledge DRACB723725CT Lemon Clean Fu|_|7/30/2018
KIN760884           |_|St Ives Body Lotion 21 Ounce Natura|_|7/30/2018
KIN800060           |_|Wellesse Vitamin D3 - Liquid 16 oz.|_|7/30/2018
KIN809236           |_|Freeman Facial Mask Sparkling Pear |_|7/30/2018
KIN810002           |_|Glad Zipper Sandwich Bags - 100Bags|_|7/30/2018
KIN827212           |_|Garnier Fructis Sleek & Shine Moroc|_|7/30/2018
KIN840108           |_|Branam Oral Health Xylitol Toothpas|_|7/30/2018
KIN908277           |_|1-A-DAY TABS PRENATAL VIT TWPK     |_|7/24/2018
LUM101059           |_|LIGHT                              |_|7/24/2018
MCM1647A35          |_|HANDLE                             |_|7/31/2018
MCM6970T201         |_|ABRASIVE                           |_|7/30/2018
MCM80625A41         |_|HANDLE                             |_|7/24/2018
MCM90895A031        |_|WASHER                             |_|7/26/2018
MCM91145A185        |_|SPACER                             |_|7/24/2018
MCM92820A320        |_|SCREW 25'S                         |_|7/30/2018
MEDNON24391         |_|PILLOW DISPOSABLE 16"X22" 10OZ     |_|7/26/2018
MEDNON25444         |_|GAUZE, SPONGE, AVANT, 4"X4", 4PLY, |_|7/24/2018
MIN7195000555       |_|BUMPER                             |_|7/26/2018
MOL295200           |_|MOLNLYCKE MEPILEX® BORDER DRESSING |_|7/30/2018
MUL001211020        |_|SCREW                              |_|7/25/2018
NAASPIRINKIT        |_|NON ASPIRIN KIT                    |_|7/30/2018
NITMT06MD           |_|NITECORE MT06MD MEDICAL LED PENLGHT|_|7/25/2018
ORT1204668          |_|CALIBRATION KIT 4'S                |_|7/24/2018
PER0061800          |_|White Shoulders By Evyan For Women,|_|7/30/2018
PER0072834          |_|Be Delicious Fresh Blossom by Donna|_|7/30/2018
PHY21330001176      |_|LIFEPAK 15 REPLACEMENT BATTERY     |_|7/26/2018
PREHAU1C400180      |_|OHMEDA FEMALE QUICK CONNECT W/ 6"  |_|7/31/2018
PREHAU1C401805      |_|OXYGEN HOSE ASSEMBLY W/ DSS FEMALE |_|7/31/2018
PROK5520            |_|Oversize Special Needs Cot Kit     |_|7/25/2018
PROX2005            |_|5-SHELF SPECIAL NEEDS COT STORAGE  |_|7/24/2018
R3S3369801          |_|Gateway Safety 6980 Cover2 Safety G|_|7/30/2018
RDC10743284         |_|Theraworx Relief Fast-Acting Spray |_|7/30/2018
REG0-05915          |_|Energizer 1235sw2 Heavy-Duty Batter|_|7/30/2018
REG8-74035          |_|Old English Aerosol Furniture Polis|_|7/30/2018
REG8-75462          |_|Old English Scratch Cover For Light|_|7/24/2018
REMCT0024B          |_|GENTAMICIN SULFATE 50'S "FRIDGE"   |_|7/30/2018
REMCT0064B          |_|CLINDAMYCIN,DISKS 250'S            |_|7/31/2018
REMR01627           |_|MUELLER HINTON AGER 10'S           |_|7/24/2018
REMR02096           |_|CULTURE MEDIA 10'S                 |_|7/24/2018
REMR04050           |_|CULTURE MEDIUM 10'S                |_|7/30/2018
REMR21901           |_|FECAL PARASITE                     |_|7/26/2018
RUS122002           |_|BERMAN AIRWAY SIZE 1               |_|7/30/2018
RUS122006           |_|BERMAN AIRWAY SIZE 6               |_|7/30/2018
SAF302429           |_|Safari Ltd Wild Safari Elasmosaurus|_|7/30/2018
SAF688304           |_|Safari Ltd Fruits & Vegetables Toob|_|7/30/2018
SCH1600097          |_|Formula 409 All Purpose Cleaner Spr|_|7/30/2018
SCH4156253          |_|Shout Laundry Stain Remover Trigger|_|7/30/2018
SCH6154736          |_|Command 17026CLR-ES Decorating  Cli|_|7/31/2018
SCH940023           |_|Astonish&#xFE0F; Oven & Cookware Cl|_|7/30/2018
SHA507545           |_|Escada 100 Ml EDT Spray, Island Kis|_|7/30/2018
SHE10121452         |_|Paris Hilton by Paris Hilton for Wo|_|7/30/2018
THRAC0018           |_|Aura Cacia Essential Oil, Inspiring|_|7/30/2018
THRAC0528           |_|Aura Cacia Essential Oil, Equalizin|_|7/30/2018
THRAC0723           |_|Aura Cacia Essential Oil, Calming R|_|7/30/2018
THRAE0230           |_|Alvita Organic Herbal Tumeric Tea, |_|7/30/2018
THRBZ0001           |_|BHI Allergy Relief Tablets, 100 Cou|_|7/30/2018
THRDM0175           |_|DERMA E Vitamin C Renewing Moisturi|_|7/30/2018
THRDW0001           |_|Daiwa Health Development Peak Immun|_|7/30/2018
THREU0164           |_|Earth Therapeutics Wooden Foot File|_|7/30/2018
THREU0288           |_|Earth Therapeutics Sleep Mask Blue |_|7/30/2018
THRFT0004           |_|Phiten Titanium Discs (70 Discs)   |_|7/30/2018
THRHS0381           |_|Health From The Sun 100% Vegetarian|_|7/30/2018
THRII0030           |_|green sprouts Fruit Cool Soothing T|_|7/30/2018
THRII0037           |_|BRUSH & COMB 1SET                  |_|7/30/2018
THRKP0022           |_|Honso USA Japanese Herbal Kampo Mul|_|7/30/2018
THRLQ0018           |_|Liddell Homeopathic PMS, 1 Ounce   |_|7/30/2018
THRMZ0003           |_|Mezotrace 1300 Natural Minerals & T|_|7/30/2018
THRNA0032           |_|Nature's Answer Herbal Supplement, |_|7/30/2018
THRNA0070           |_|Nature's Answer Ginkgo Leaf with Or|_|7/30/2018
THRNA0631           |_|Nature's Answer Sambucus Extract Sp|_|7/30/2018
THRNA0674           |_|Genceutic Naturals Certified Dietar|_|7/30/2018
THRNB0025           |_|All One Powder Multiple Vitamins & |_|7/30/2018
THRNT0144           |_|Bioallers Outdoor Allergy, 60-Count|_|7/30/2018
THRPJ0003           |_|Agape Perfect 7 Intestinal Cleanser|_|7/30/2018
THRPZ0004           |_|Ener-C Vitamin Drink Mix, Tangerine|_|7/30/2018
THRQX0025           |_|Spry Xylitol Gum, Fresh Fruit, 600 |_|7/30/2018
THRSN0492           |_|Source Naturals Inositol & Choline |_|7/30/2018
THRSN0987           |_|Source Naturals Serene Science GABA|_|7/30/2018
THRSN1506           |_|Source Naturals Skin Eternal Plus, |_|7/30/2018
THRSN1773           |_|Source Naturals Serene Science Thea|_|7/30/2018
THRSN1774           |_|Source Naturals Theanine Serene, 30|_|7/30/2018
THRSN1885           |_|Source Naturals Nattokinase 100mg, |_|7/30/2018
THRSN1894           |_|Source Naturals Hyaluronic Joint Co|_|7/30/2018
THRTD0191           |_|Traditional Medicinals Smooth Move |_|7/30/2018
THRUG0004           |_|Dr. Tung's Kid's Toothbrush Sanitiz|_|7/30/2018
THRUL0049           |_|Uncle Lee's Imperial Organic Tea - |_|7/30/2018
THRUO0004           |_|Health Support Mega Chia Seed, 90 C|_|7/30/2018
THRYO0041           |_|Yogi Tea, Green Energy, 16 Bags    |_|7/30/2018
TRUCC50006X         |_|TRUCORP AIRSIM CHILD COMBO BRONCHI |_|7/26/2018
TRULB02             |_|TRUCORP LUNG BAGS                  |_|7/26/2018
WEL4200BE1          |_|WELCH ALLYN SPOT VITAL SIGNS DEVICE|_|7/31/2018
WIG224509           |_|HORN                               |_|7/26/2018
